Fighter Name,Birth Date,Height,Weight,Wins,Losses,Win KO,Win TKO Rate,Win Submission,Win Submission Rate,Win Decisions,Win Decisions Rate,Lose KO,Lose TKO Rate,Lose Submission,Lose Submission Rate,Lose Decisions,Lose Decisions Rate,Final Result,Opponent Name,Event Time,Win By,Round,Win Time
Sharabutdin Magomedov,16-May-94,6'2",186 lbs,15,1,12,80%,0,0%,3,20%,0,0%,0,0%,1,100%,loss,Michael Page,Feb / 01 / 2025,Decision (Unanimous),3,5:00
Sharabutdin Magomedov,16-May-94,6'2",186 lbs,15,1,12,80%,0,0%,3,20%,0,0%,0,0%,1,100%,win,Armen Petrosyan,Oct / 26 / 2024,KO (Spinning Backfists),2,4:52
Sharabutdin Magomedov,16-May-94,6'2",186 lbs,15,1,12,80%,0,0%,3,20%,0,0%,0,0%,1,100%,win,Michal Oleksiejczuk,Aug / 03 / 2024,Decision (Unanimous),3,5:00
Sharabutdin Magomedov,16-May-94,6'2",186 lbs,15,1,12,80%,0,0%,3,20%,0,0%,0,0%,1,100%,win,Antonio Trocoli,Jun / 22 / 2024,TKO (Knee and Punches),3,2:27
Sharabutdin Magomedov,16-May-94,6'2",186 lbs,15,1,12,80%,0,0%,3,20%,0,0%,0,0%,1,100%,win,Bruno Silva,Oct / 21 / 2023,Decision (Unanimous),3,5:00
Sharabutdin Magomedov,16-May-94,6'2",186 lbs,15,1,12,80%,0,0%,3,20%,0,0%,0,0%,1,100%,win,Kushal Vyas,Dec / 11 / 2022,KO (Knee and Punches),1,0:08
Sharabutdin Magomedov,16-May-94,6'2",186 lbs,15,1,12,80%,0,0%,3,20%,0,0%,0,0%,1,100%,win,Mikhail Ragozin,Dec / 03 / 2022,Decision (Unanimous),3,5:00
Sharabutdin Magomedov,16-May-94,6'2",186 lbs,15,1,12,80%,0,0%,3,20%,0,0%,0,0%,1,100%,win,Sergey Martynov,Aug / 13 / 2022,TKO (Knees),3,2:34
Sharabutdin Magomedov,16-May-94,6'2",186 lbs,15,1,12,80%,0,0%,3,20%,0,0%,0,0%,1,100%,win,Rodrigo Carlos,Feb / 26 / 2022,TKO (Punches),1,4:33
Sharabutdin Magomedov,16-May-94,6'2",186 lbs,15,1,12,80%,0,0%,3,20%,0,0%,0,0%,1,100%,win,Joel dos Santos,Nov / 27 / 2021,KO (Hook Kick),2,0:13
Sharabutdin Magomedov,16-May-94,6'2",186 lbs,15,1,12,80%,0,0%,3,20%,0,0%,0,0%,1,100%,win,Mikhail Allakhverdian,Oct / 16 / 2021,KO (Elbow),1,4:41
Sharabutdin Magomedov,16-May-94,6'2",186 lbs,15,1,12,80%,0,0%,3,20%,0,0%,0,0%,1,100%,win,Yakub Kediev,Jul / 15 / 2021,TKO (Knees),1,2:35
Sharabutdin Magomedov,16-May-94,6'2",186 lbs,15,1,12,80%,0,0%,3,20%,0,0%,0,0%,1,100%,win,Wulan Muhemaitihali,Mar / 11 / 2018,KO (Knee to the Body),1,0:56
Sharabutdin Magomedov,16-May-94,6'2",186 lbs,15,1,12,80%,0,0%,3,20%,0,0%,0,0%,1,100%,win,Yeshan Yersen,Feb / 19 / 2018,TKO (Punches),1,N/A
Sharabutdin Magomedov,16-May-94,6'2",186 lbs,15,1,12,80%,0,0%,3,20%,0,0%,0,0%,1,100%,win,Jiayidaer Aili,Jan / 21 / 2018,TKO (Leg Kick),2,2:22
Sharabutdin Magomedov,16-May-94,6'2",186 lbs,15,1,12,80%,0,0%,3,20%,0,0%,0,0%,1,100%,win,Yincang Bao,Dec / 10 / 2017,TKO (Punches),1,0:43
Michael Page,7-Apr-87,6'3",185 lbs,23,3,13,57%,3,13%,7,30%,1,33%,0,0%,2,67%,win,Sharabutdin Magomedov,Feb / 01 / 2025,Decision (Unanimous),3,5:00
Michael Page,7-Apr-87,6'3",185 lbs,23,3,13,57%,3,13%,7,30%,1,33%,0,0%,2,67%,loss,Ian Garry,Jun / 29 / 2024,Decision (Unanimous),3,5:00
Michael Page,7-Apr-87,6'3",185 lbs,23,3,13,57%,3,13%,7,30%,1,33%,0,0%,2,67%,win,Kevin Holland,Mar / 09 / 2024,Decision (Unanimous),3,5:00
Michael Page,7-Apr-87,6'3",185 lbs,23,3,13,57%,3,13%,7,30%,1,33%,0,0%,2,67%,win,Goiti Yamauchi,Mar / 10 / 2023,TKO (Leg Kick),1,0:26
Michael Page,7-Apr-87,6'3",185 lbs,23,3,13,57%,3,13%,7,30%,1,33%,0,0%,2,67%,loss,Logan Storley,May / 13 / 2022,Decision (Split),5,5:00
Michael Page,7-Apr-87,6'3",185 lbs,23,3,13,57%,3,13%,7,30%,1,33%,0,0%,2,67%,win,Douglas Lima,Oct / 01 / 2021,Decision (Split),3,5:00
Michael Page,7-Apr-87,6'3",185 lbs,23,3,13,57%,3,13%,7,30%,1,33%,0,0%,2,67%,win,Derek Anderson,May / 07 / 2021,TKO (Doctor Stoppage),1,5:00
Michael Page,7-Apr-87,6'3",185 lbs,23,3,13,57%,3,13%,7,30%,1,33%,0,0%,2,67%,win,Ross Houston,Oct / 10 / 2020,Decision (Unanimous),3,5:00
Michael Page,7-Apr-87,6'3",185 lbs,23,3,13,57%,3,13%,7,30%,1,33%,0,0%,2,67%,win,Shinsho Anzai,Dec / 29 / 2019,KO (Punch),2,0:23
Michael Page,7-Apr-87,6'3",185 lbs,23,3,13,57%,3,13%,7,30%,1,33%,0,0%,2,67%,win,Giovanni Melillo,Nov / 23 / 2019,KO (Punch),1,1:47
Michael Page,7-Apr-87,6'3",185 lbs,23,3,13,57%,3,13%,7,30%,1,33%,0,0%,2,67%,win,Richard Kiely,Sep / 27 / 2019,KO (Flying Knee),1,2:42
Michael Page,7-Apr-87,6'3",185 lbs,23,3,13,57%,3,13%,7,30%,1,33%,0,0%,2,67%,loss,Douglas Lima,May / 11 / 2019,KO (Punches),2,0:35
Michael Page,7-Apr-87,6'3",185 lbs,23,3,13,57%,3,13%,7,30%,1,33%,0,0%,2,67%,win,Paul Daley,Feb / 16 / 2019,Decision (Unanimous),5,5:00
Michael Page,7-Apr-87,6'3",185 lbs,23,3,13,57%,3,13%,7,30%,1,33%,0,0%,2,67%,win,David Rickels,May / 25 / 2018,TKO (Retirement),2,0:43
Michael Page,7-Apr-87,6'3",185 lbs,23,3,13,57%,3,13%,7,30%,1,33%,0,0%,2,67%,win,Fernando Gonzalez,Nov / 19 / 2016,Decision (Split),3,5:00
Michael Page,7-Apr-87,6'3",185 lbs,23,3,13,57%,3,13%,7,30%,1,33%,0,0%,2,67%,win,Evangelista Santos,Jul / 16 / 2016,KO (Flying Knee),2,4:31
Michael Page,7-Apr-87,6'3",185 lbs,23,3,13,57%,3,13%,7,30%,1,33%,0,0%,2,67%,win,Jeremie Holloway,Apr / 22 / 2016,Submission (Achilles Lock),1,2:15
Michael Page,7-Apr-87,6'3",185 lbs,23,3,13,57%,3,13%,7,30%,1,33%,0,0%,2,67%,win,Charlie Ontiveros,Oct / 23 / 2015,TKO (Elbows),1,3:20
Michael Page,7-Apr-87,6'3",185 lbs,23,3,13,57%,3,13%,7,30%,1,33%,0,0%,2,67%,win,Rudy Bears,Jul / 17 / 2015,KO (Punch),1,1:05
Michael Page,7-Apr-87,6'3",185 lbs,23,3,13,57%,3,13%,7,30%,1,33%,0,0%,2,67%,win,Nah-Shon Burrell,Oct / 10 / 2014,Decision (Unanimous),3,5:00
Michael Page,7-Apr-87,6'3",185 lbs,23,3,13,57%,3,13%,7,30%,1,33%,0,0%,2,67%,win,Ricky Rainey,May / 17 / 2014,TKO (Punch),1,4:29
Michael Page,7-Apr-87,6'3",185 lbs,23,3,13,57%,3,13%,7,30%,1,33%,0,0%,2,67%,win,Ramdan Mohamed,Apr / 12 / 2013,Submission (Rear-Naked Choke),1,3:48
Michael Page,7-Apr-87,6'3",185 lbs,23,3,13,57%,3,13%,7,30%,1,33%,0,0%,2,67%,win,Ryan Sanders,Mar / 21 / 2013,KO (Punch),1,0:10
Michael Page,7-Apr-87,6'3",185 lbs,23,3,13,57%,3,13%,7,30%,1,33%,0,0%,2,67%,win,Haitham El-Sayed,Nov / 02 / 2012,TKO (Doctor Stoppage),1,2:15
Michael Page,7-Apr-87,6'3",185 lbs,23,3,13,57%,3,13%,7,30%,1,33%,0,0%,2,67%,win,Miguel Bernard,Apr / 07 / 2012,Submission (Armbar),1,1:43
Michael Page,7-Apr-87,6'3",185 lbs,23,3,13,57%,3,13%,7,30%,1,33%,0,0%,2,67%,win,Ben Dishman,Feb / 04 / 2012,TKO (Tornado Kick),1,1:05
Kevin Lee,4-Sep-92,5'9",170 lbs,20,8,3,15%,9,45%,8,40%,1,13%,4,50%,3,38%,win,Thiago Oliveira,Sep / 28 / 2024,Submission (Rear-Naked Choke),1,1:58
Kevin Lee,4-Sep-92,5'9",170 lbs,20,8,3,15%,9,45%,8,40%,1,13%,4,50%,3,38%,loss,Rinat Fakhretdinov,Jul / 01 / 2023,Technical Submission (Guillotine Choke),1,0:55
Kevin Lee,4-Sep-92,5'9",170 lbs,20,8,3,15%,9,45%,8,40%,1,13%,4,50%,3,38%,win,Diego Sanchez,Mar / 11 / 2022,Decision (Unanimous),3,5:00
Kevin Lee,4-Sep-92,5'9",170 lbs,20,8,3,15%,9,45%,8,40%,1,13%,4,50%,3,38%,loss,Daniel Rodriguez,Aug / 28 / 2021,Decision (Unanimous),3,5:00
Kevin Lee,4-Sep-92,5'9",170 lbs,20,8,3,15%,9,45%,8,40%,1,13%,4,50%,3,38%,loss,Charles Oliveira,Mar / 14 / 2020,Submission (Guillotine Choke),3,0:28
Kevin Lee,4-Sep-92,5'9",170 lbs,20,8,3,15%,9,45%,8,40%,1,13%,4,50%,3,38%,win,Gregor Gillespie,Nov / 02 / 2019,KO (Head Kick),1,2:47
Kevin Lee,4-Sep-92,5'9",170 lbs,20,8,3,15%,9,45%,8,40%,1,13%,4,50%,3,38%,loss,Rafael dos Anjos,May / 18 / 2019,Submission (Arm-Triangle Choke),4,3:47
Kevin Lee,4-Sep-92,5'9",170 lbs,20,8,3,15%,9,45%,8,40%,1,13%,4,50%,3,38%,loss,Al Iaquinta,Dec / 15 / 2018,Decision (Unanimous),5,5:00
Kevin Lee,4-Sep-92,5'9",170 lbs,20,8,3,15%,9,45%,8,40%,1,13%,4,50%,3,38%,win,Edson Barboza,Apr / 21 / 2018,TKO (Doctor Stoppage),5,2:18
Kevin Lee,4-Sep-92,5'9",170 lbs,20,8,3,15%,9,45%,8,40%,1,13%,4,50%,3,38%,loss,Tony Ferguson,Oct / 07 / 2017,Submission (Triangle Choke),3,4:02
Kevin Lee,4-Sep-92,5'9",170 lbs,20,8,3,15%,9,45%,8,40%,1,13%,4,50%,3,38%,win,Michael Chiesa,Jun / 25 / 2017,Technical Submission (Rear-Naked Choke),1,4:37
Kevin Lee,4-Sep-92,5'9",170 lbs,20,8,3,15%,9,45%,8,40%,1,13%,4,50%,3,38%,win,Francisco Trinaldo,Mar / 11 / 2017,Submission (Rear-Naked Choke),2,3:12
Kevin Lee,4-Sep-92,5'9",170 lbs,20,8,3,15%,9,45%,8,40%,1,13%,4,50%,3,38%,win,Magomed Mustafaev,Nov / 19 / 2016,Technical Submission (Rear-Naked Choke),2,4:31
Kevin Lee,4-Sep-92,5'9",170 lbs,20,8,3,15%,9,45%,8,40%,1,13%,4,50%,3,38%,win,Jake Matthews,Jul / 08 / 2016,TKO (Punches),1,4:06
Kevin Lee,4-Sep-92,5'9",170 lbs,20,8,3,15%,9,45%,8,40%,1,13%,4,50%,3,38%,win,Efrain Escudero,Apr / 23 / 2016,Decision (Unanimous),3,5:00
Kevin Lee,4-Sep-92,5'9",170 lbs,20,8,3,15%,9,45%,8,40%,1,13%,4,50%,3,38%,loss,Leonardo Santos,Dec / 12 / 2015,TKO (Punches),1,3:26
Kevin Lee,4-Sep-92,5'9",170 lbs,20,8,3,15%,9,45%,8,40%,1,13%,4,50%,3,38%,win,James Moontasri,Jul / 15 / 2015,Submission (Rear-Naked Choke),1,2:56
Kevin Lee,4-Sep-92,5'9",170 lbs,20,8,3,15%,9,45%,8,40%,1,13%,4,50%,3,38%,win,Michel Prazeres,Feb / 14 / 2015,Decision (Unanimous),3,5:00
Kevin Lee,4-Sep-92,5'9",170 lbs,20,8,3,15%,9,45%,8,40%,1,13%,4,50%,3,38%,win,Jon Tuck,Sep / 27 / 2014,Decision (Unanimous),3,5:00
Kevin Lee,4-Sep-92,5'9",170 lbs,20,8,3,15%,9,45%,8,40%,1,13%,4,50%,3,38%,win,Jesse Ronson,Jul / 06 / 2014,Decision (Split),3,5:00
Kevin Lee,4-Sep-92,5'9",170 lbs,20,8,3,15%,9,45%,8,40%,1,13%,4,50%,3,38%,loss,Al Iaquinta,Feb / 01 / 2014,Decision (Unanimous),3,5:00
Kevin Lee,4-Sep-92,5'9",170 lbs,20,8,3,15%,9,45%,8,40%,1,13%,4,50%,3,38%,win,Eric Moon,Nov / 16 / 2013,Submission (Guillotine Choke),1,1:24
Kevin Lee,4-Sep-92,5'9",170 lbs,20,8,3,15%,9,45%,8,40%,1,13%,4,50%,3,38%,win,Travis Gervais,Sep / 13 / 2013,Submission (Armbar),1,0:46
Kevin Lee,4-Sep-92,5'9",170 lbs,20,8,3,15%,9,45%,8,40%,1,13%,4,50%,3,38%,win,Joseph Lile,Jul / 19 / 2013,Submission (Rear-Naked Choke),3,1:29
Kevin Lee,4-Sep-92,5'9",170 lbs,20,8,3,15%,9,45%,8,40%,1,13%,4,50%,3,38%,win,Kyle Prepolec,Apr / 13 / 2013,Submission (Guillotine Choke),2,2:17
Kevin Lee,4-Sep-92,5'9",170 lbs,20,8,3,15%,9,45%,8,40%,1,13%,4,50%,3,38%,win,J.P. Reese,Nov / 17 / 2012,Decision (Unanimous),3,5:00
Kevin Lee,4-Sep-92,5'9",170 lbs,20,8,3,15%,9,45%,8,40%,1,13%,4,50%,3,38%,win,Mansour Barnaoui,Jun / 29 / 2012,Decision (Unanimous),3,5:00
Kevin Lee,4-Sep-92,5'9",170 lbs,20,8,3,15%,9,45%,8,40%,1,13%,4,50%,3,38%,win,Levis Labrie,Mar / 31 / 2012,Decision (Unanimous),3,5:00
Sean Strickland,27-Feb-91,6'1",185 lbs,29,6,11,38%,4,14%,14,48%,2,33%,0,0%,4,67%,win,Paulo Costa,Jun / 01 / 2024,Decision (Split),5,5:00
Sean Strickland,27-Feb-91,6'1",185 lbs,29,6,11,38%,4,14%,14,48%,2,33%,0,0%,4,67%,loss,Dricus Du Plessis,Jan / 20 / 2024,Decision (Split),5,5:00
Sean Strickland,27-Feb-91,6'1",185 lbs,29,6,11,38%,4,14%,14,48%,2,33%,0,0%,4,67%,win,Israel Adesanya,Sep / 09 / 2023,Decision (Unanimous),5,5:00
Sean Strickland,27-Feb-91,6'1",185 lbs,29,6,11,38%,4,14%,14,48%,2,33%,0,0%,4,67%,win,Abusupiyan Magomedov,Jul / 01 / 2023,TKO (Punches),2,4:20
Sean Strickland,27-Feb-91,6'1",185 lbs,29,6,11,38%,4,14%,14,48%,2,33%,0,0%,4,67%,win,Nassourdine Imavov,Jan / 14 / 2023,Decision (Unanimous),5,5:00
Sean Strickland,27-Feb-91,6'1",185 lbs,29,6,11,38%,4,14%,14,48%,2,33%,0,0%,4,67%,loss,Jared Cannonier,Dec / 17 / 2022,Decision (Split),5,5:00
Sean Strickland,27-Feb-91,6'1",185 lbs,29,6,11,38%,4,14%,14,48%,2,33%,0,0%,4,67%,loss,Alex Pereira,Jul / 02 / 2022,KO (Punches),1,2:36
Sean Strickland,27-Feb-91,6'1",185 lbs,29,6,11,38%,4,14%,14,48%,2,33%,0,0%,4,67%,win,Jack Hermansson,Feb / 05 / 2022,Decision (Split),5,5:00
Sean Strickland,27-Feb-91,6'1",185 lbs,29,6,11,38%,4,14%,14,48%,2,33%,0,0%,4,67%,win,Uriah Hall,Jul / 31 / 2021,Decision (Unanimous),5,5:00
Sean Strickland,27-Feb-91,6'1",185 lbs,29,6,11,38%,4,14%,14,48%,2,33%,0,0%,4,67%,win,Krzysztof Jotko,May / 01 / 2021,Decision (Unanimous),3,5:00
Sean Strickland,27-Feb-91,6'1",185 lbs,29,6,11,38%,4,14%,14,48%,2,33%,0,0%,4,67%,win,Brendan Allen,Nov / 14 / 2020,TKO (Punches),2,1:32
Sean Strickland,27-Feb-91,6'1",185 lbs,29,6,11,38%,4,14%,14,48%,2,33%,0,0%,4,67%,win,Jack Marshman,Oct / 31 / 2020,Decision (Unanimous),3,5:00
Sean Strickland,27-Feb-91,6'1",185 lbs,29,6,11,38%,4,14%,14,48%,2,33%,0,0%,4,67%,win,Nordine Taleb,Oct / 27 / 2018,TKO (Punches),2,3:10
Sean Strickland,27-Feb-91,6'1",185 lbs,29,6,11,38%,4,14%,14,48%,2,33%,0,0%,4,67%,loss,Elizeu Zaleski dos Santos,May / 12 / 2018,KO (Spinning Wheel Kick and Punches),1,3:40
Sean Strickland,27-Feb-91,6'1",185 lbs,29,6,11,38%,4,14%,14,48%,2,33%,0,0%,4,67%,win,Court McGee,Nov / 11 / 2017,Decision (Unanimous),3,5:00
Sean Strickland,27-Feb-91,6'1",185 lbs,29,6,11,38%,4,14%,14,48%,2,33%,0,0%,4,67%,loss,Kamaru Usman,Apr / 08 / 2017,Decision (Unanimous),3,5:00
Sean Strickland,27-Feb-91,6'1",185 lbs,29,6,11,38%,4,14%,14,48%,2,33%,0,0%,4,67%,win,Tom Breese,Jun / 04 / 2016,Decision (Split),3,5:00
Sean Strickland,27-Feb-91,6'1",185 lbs,29,6,11,38%,4,14%,14,48%,2,33%,0,0%,4,67%,win,Alex Garcia,Feb / 21 / 2016,TKO (Punches),3,4:25
Sean Strickland,27-Feb-91,6'1",185 lbs,29,6,11,38%,4,14%,14,48%,2,33%,0,0%,4,67%,win,Igor Araujo,Jul / 15 / 2015,Decision (Unanimous),3,5:00
Sean Strickland,27-Feb-91,6'1",185 lbs,29,6,11,38%,4,14%,14,48%,2,33%,0,0%,4,67%,loss,Santiago Ponzinibbio,Feb / 22 / 2015,Decision (Unanimous),3,5:00
Sean Strickland,27-Feb-91,6'1",185 lbs,29,6,11,38%,4,14%,14,48%,2,33%,0,0%,4,67%,win,Luke Barnatt,May / 31 / 2014,Decision (Split),3,5:00
Sean Strickland,27-Feb-91,6'1",185 lbs,29,6,11,38%,4,14%,14,48%,2,33%,0,0%,4,67%,win,Bubba McDaniel,Mar / 15 / 2014,Submission (Rear-Naked Choke),1,4:33
Sean Strickland,27-Feb-91,6'1",185 lbs,29,6,11,38%,4,14%,14,48%,2,33%,0,0%,4,67%,win,Matt Lagler,Aug / 29 / 2013,TKO (Punches),1,4:59
Sean Strickland,27-Feb-91,6'1",185 lbs,29,6,11,38%,4,14%,14,48%,2,33%,0,0%,4,67%,win,Yusuke Sakashita,Jul / 05 / 2013,Decision (Unanimous),5,5:00
Sean Strickland,27-Feb-91,6'1",185 lbs,29,6,11,38%,4,14%,14,48%,2,33%,0,0%,4,67%,win,Bill Albrecht,Feb / 07 / 2013,KO (Punch),1,2:41
Sean Strickland,27-Feb-91,6'1",185 lbs,29,6,11,38%,4,14%,14,48%,2,33%,0,0%,4,67%,win,Josh Bryant,Dec / 08 / 2012,Decision (Split),3,5:00
Sean Strickland,27-Feb-91,6'1",185 lbs,29,6,11,38%,4,14%,14,48%,2,33%,0,0%,4,67%,win,Brandon Hunt,Apr / 26 / 2012,TKO (Punches),1,3:24
Sean Strickland,27-Feb-91,6'1",185 lbs,29,6,11,38%,4,14%,14,48%,2,33%,0,0%,4,67%,win,Brandon Hunt,Dec / 17 / 2011,TKO (Punches),1,3:48
Sean Strickland,27-Feb-91,6'1",185 lbs,29,6,11,38%,4,14%,14,48%,2,33%,0,0%,4,67%,win,Brett Sbardella,Aug / 06 / 2011,KO (Punches),1,1:03
Sean Strickland,27-Feb-91,6'1",185 lbs,29,6,11,38%,4,14%,14,48%,2,33%,0,0%,4,67%,win,Donavin Hawkey,Nov / 25 / 2010,Submission (Rear-Naked Choke),1,1:21
Sean Strickland,27-Feb-91,6'1",185 lbs,29,6,11,38%,4,14%,14,48%,2,33%,0,0%,4,67%,win,Adriel Montes,Oct / 02 / 2010,TKO (Punches),2,1:05
Sean Strickland,27-Feb-91,6'1",185 lbs,29,6,11,38%,4,14%,14,48%,2,33%,0,0%,4,67%,win,George Interiano,Jan / 03 / 2010,Decision (Unanimous),3,3:00
Sean Strickland,27-Feb-91,6'1",185 lbs,29,6,11,38%,4,14%,14,48%,2,33%,0,0%,4,67%,win,William Wheeler,Oct / 03 / 2009,Submission (Rear-Naked Choke),1,1:55
Sean Strickland,27-Feb-91,6'1",185 lbs,29,6,11,38%,4,14%,14,48%,2,33%,0,0%,4,67%,win,Brandon Ellsworth,Mar / 14 / 2009,TKO (Punches),1,1:28
Sean Strickland,27-Feb-91,6'1",185 lbs,29,6,11,38%,4,14%,14,48%,2,33%,0,0%,4,67%,win,Tyler Pottett,Mar / 22 / 2008,Submission (Rear-Naked Choke),2,1:53
Alex Pereira,7-Jul-87,6'4",205 lbs,12,2,10,83%,0,0%,2,17%,1,50%,1,50%,0,0%,win,Khalil Rountree,Oct / 05 / 2024,TKO (Punches),4,4:32
Alex Pereira,7-Jul-87,6'4",205 lbs,12,2,10,83%,0,0%,2,17%,1,50%,1,50%,0,0%,win,Jiri Prochazka,Jun / 29 / 2024,TKO (Head Kick and Punches),2,0:13
Alex Pereira,7-Jul-87,6'4",205 lbs,12,2,10,83%,0,0%,2,17%,1,50%,1,50%,0,0%,win,Jamahal Hill,Apr / 13 / 2024,KO (Punches),1,3:14
Alex Pereira,7-Jul-87,6'4",205 lbs,12,2,10,83%,0,0%,2,17%,1,50%,1,50%,0,0%,win,Jiri Prochazka,Nov / 11 / 2023,TKO (Elbows),2,4:08
Alex Pereira,7-Jul-87,6'4",205 lbs,12,2,10,83%,0,0%,2,17%,1,50%,1,50%,0,0%,win,Jan Blachowicz,Jul / 29 / 2023,Decision (Split),3,5:00
Alex Pereira,7-Jul-87,6'4",205 lbs,12,2,10,83%,0,0%,2,17%,1,50%,1,50%,0,0%,loss,Israel Adesanya,Apr / 08 / 2023,KO (Punches),2,4:21
Alex Pereira,7-Jul-87,6'4",205 lbs,12,2,10,83%,0,0%,2,17%,1,50%,1,50%,0,0%,win,Israel Adesanya,Nov / 12 / 2022,TKO (Punches),5,2:01
Alex Pereira,7-Jul-87,6'4",205 lbs,12,2,10,83%,0,0%,2,17%,1,50%,1,50%,0,0%,win,Sean Strickland,Jul / 02 / 2022,KO (Punches),1,2:36
Alex Pereira,7-Jul-87,6'4",205 lbs,12,2,10,83%,0,0%,2,17%,1,50%,1,50%,0,0%,win,Bruno Silva,Mar / 12 / 2022,Decision (Unanimous),3,5:00
Alex Pereira,7-Jul-87,6'4",205 lbs,12,2,10,83%,0,0%,2,17%,1,50%,1,50%,0,0%,win,Andreas Michailidis,Nov / 06 / 2021,TKO (Flying Knee and Punches),2,0:18
Alex Pereira,7-Jul-87,6'4",205 lbs,12,2,10,83%,0,0%,2,17%,1,50%,1,50%,0,0%,win,Thomas Powell,Nov / 20 / 2020,KO (Punch),1,4:04
Alex Pereira,7-Jul-87,6'4",205 lbs,12,2,10,83%,0,0%,2,17%,1,50%,1,50%,0,0%,win,Marcus Vinicius Fialho da Silveira,May / 21 / 2016,TKO (Punches),2,4:55
Alex Pereira,7-Jul-87,6'4",205 lbs,12,2,10,83%,0,0%,2,17%,1,50%,1,50%,0,0%,win,Marcelo Cruz,Jan / 23 / 2016,KO (Punch),1,4:07
Alex Pereira,7-Jul-87,6'4",205 lbs,12,2,10,83%,0,0%,2,17%,1,50%,1,50%,0,0%,loss,Quemuel Ottoni,Oct / 24 / 2015,Submission (Rear-Naked Choke),3,2:52
Dricus Du Plessis,14-Jan-94,6'0",185 lbs,22,2,9,41%,11,50%,2,9%,1,50%,1,50%,0,0%,win,Israel Adesanya,Aug / 17 / 2024,Submission (Face Crank),4,3:38
Dricus Du Plessis,14-Jan-94,6'0",185 lbs,22,2,9,41%,11,50%,2,9%,1,50%,1,50%,0,0%,win,Sean Strickland,Jan / 20 / 2024,Decision (Split),5,5:00
Dricus Du Plessis,14-Jan-94,6'0",185 lbs,22,2,9,41%,11,50%,2,9%,1,50%,1,50%,0,0%,win,Robert Whittaker,Jul / 08 / 2023,TKO (Punches),2,2:23
Dricus Du Plessis,14-Jan-94,6'0",185 lbs,22,2,9,41%,11,50%,2,9%,1,50%,1,50%,0,0%,win,Derek Brunson,Mar / 04 / 2023,TKO (Corner Stoppage),2,4:59
Dricus Du Plessis,14-Jan-94,6'0",185 lbs,22,2,9,41%,11,50%,2,9%,1,50%,1,50%,0,0%,win,Darren Till,Dec / 10 / 2022,Submission (Face Crank),3,2:43
Dricus Du Plessis,14-Jan-94,6'0",185 lbs,22,2,9,41%,11,50%,2,9%,1,50%,1,50%,0,0%,win,Brad Tavares,Jul / 02 / 2022,Decision (Unanimous),3,5:00
Dricus Du Plessis,14-Jan-94,6'0",185 lbs,22,2,9,41%,11,50%,2,9%,1,50%,1,50%,0,0%,win,Trevin Giles,Jul / 10 / 2021,KO (Punches),2,1:41
Dricus Du Plessis,14-Jan-94,6'0",185 lbs,22,2,9,41%,11,50%,2,9%,1,50%,1,50%,0,0%,win,Markus Perez,Oct / 10 / 2020,KO (Punches),1,3:22
Dricus Du Plessis,14-Jan-94,6'0",185 lbs,22,2,9,41%,11,50%,2,9%,1,50%,1,50%,0,0%,win,Brendan Lesar,Dec / 14 / 2019,Submission (Guillotine Choke),1,4:15
Dricus Du Plessis,14-Jan-94,6'0",185 lbs,22,2,9,41%,11,50%,2,9%,1,50%,1,50%,0,0%,win,Joilton Lutterbach,Sep / 14 / 2019,TKO (Punches),2,3:04
Dricus Du Plessis,14-Jan-94,6'0",185 lbs,22,2,9,41%,11,50%,2,9%,1,50%,1,50%,0,0%,loss,Roberto Soldic,Oct / 06 / 2018,KO (Punches),3,2:33
Dricus Du Plessis,14-Jan-94,6'0",185 lbs,22,2,9,41%,11,50%,2,9%,1,50%,1,50%,0,0%,win,Roberto Soldic,Apr / 14 / 2018,TKO (Punches),2,1:37
Dricus Du Plessis,14-Jan-94,6'0",185 lbs,22,2,9,41%,11,50%,2,9%,1,50%,1,50%,0,0%,win,Yannick Bahati,Aug / 19 / 2017,Submission (Guillotine Choke),1,1:30
Dricus Du Plessis,14-Jan-94,6'0",185 lbs,22,2,9,41%,11,50%,2,9%,1,50%,1,50%,0,0%,win,Jose Mauricio da Rocha Jr.,May / 13 / 2017,TKO (Punches),1,3:58
Dricus Du Plessis,14-Jan-94,6'0",185 lbs,22,2,9,41%,11,50%,2,9%,1,50%,1,50%,0,0%,win,Rafal Haratyk,Dec / 09 / 2016,Submission (Guillotine Choke),2,3:34
Dricus Du Plessis,14-Jan-94,6'0",185 lbs,22,2,9,41%,11,50%,2,9%,1,50%,1,50%,0,0%,win,Martin van Staden,Jun / 17 / 2016,Submission (Guillotine Choke),3,3:59
Dricus Du Plessis,14-Jan-94,6'0",185 lbs,22,2,9,41%,11,50%,2,9%,1,50%,1,50%,0,0%,win,Bruno Belabela Mukulu,Dec / 12 / 2015,Submission (Rear-Naked Choke),2,2:50
Dricus Du Plessis,14-Jan-94,6'0",185 lbs,22,2,9,41%,11,50%,2,9%,1,50%,1,50%,0,0%,win,Dino Bagattin,Jun / 06 / 2015,Submission (Rear-Naked Choke),2,3:33
Dricus Du Plessis,14-Jan-94,6'0",185 lbs,22,2,9,41%,11,50%,2,9%,1,50%,1,50%,0,0%,win,Darren Daniel,Feb / 21 / 2015,Submission (Rear-Naked Choke),1,4:50
Dricus Du Plessis,14-Jan-94,6'0",185 lbs,22,2,9,41%,11,50%,2,9%,1,50%,1,50%,0,0%,loss,Garreth McLellan,Aug / 30 / 2014,Technical Submission (Guillotine Choke),3,2:12
Dricus Du Plessis,14-Jan-94,6'0",185 lbs,22,2,9,41%,11,50%,2,9%,1,50%,1,50%,0,0%,win,Donavin Hawkey,Feb / 27 / 2014,TKO (Punches),1,4:50
Dricus Du Plessis,14-Jan-94,6'0",185 lbs,22,2,9,41%,11,50%,2,9%,1,50%,1,50%,0,0%,win,Johannes Coenraad Lamprecht,Oct / 10 / 2013,Submission (Rear-Naked Choke),3,1:54
Dricus Du Plessis,14-Jan-94,6'0",185 lbs,22,2,9,41%,11,50%,2,9%,1,50%,1,50%,0,0%,win,Bruno Belabela Mukulu,Sep / 12 / 2013,Submission (Rear-Naked Choke),1,2:34
Dricus Du Plessis,14-Jan-94,6'0",185 lbs,22,2,9,41%,11,50%,2,9%,1,50%,1,50%,0,0%,win,Tshikangu Makuebo,Jul / 25 / 2013,TKO (Punches),1,1:18
Philip Keller,16-Nov-81,5'4",138 lbs,2,6,1,50%,1,50%,0,0%,5,83%,1,17%,0,0%,loss,Roybert Echeverria,Sep / 25 / 2020,TKO (Elbows and Punches),1,1:29
Philip Keller,16-Nov-81,5'4",138 lbs,2,6,1,50%,1,50%,0,0%,5,83%,1,17%,0,0%,loss,Christian Ynastrilla,Jun / 26 / 2020,Submission (Triangle Choke),1,2:04
Philip Keller,16-Nov-81,5'4",138 lbs,2,6,1,50%,1,50%,0,0%,5,83%,1,17%,0,0%,loss,Danny Sabatello,Aug / 23 / 2019,TKO (Punches),1,1:41
Philip Keller,16-Nov-81,5'4",138 lbs,2,6,1,50%,1,50%,0,0%,5,83%,1,17%,0,0%,win,Jamal Thorne,Jul / 21 / 2017,Submission (Rear-Naked Choke),1,1:49
Philip Keller,16-Nov-81,5'4",138 lbs,2,6,1,50%,1,50%,0,0%,5,83%,1,17%,0,0%,win,Graeme Prue,Nov / 05 / 2016,TKO (Punches),1,1:28
Philip Keller,16-Nov-81,5'4",138 lbs,2,6,1,50%,1,50%,0,0%,5,83%,1,17%,0,0%,loss,Eduardo de Jesus,Aug / 12 / 2016,TKO (Punches),2,4:18
Philip Keller,16-Nov-81,5'4",138 lbs,2,6,1,50%,1,50%,0,0%,5,83%,1,17%,0,0%,loss,Edwin Sarria,Mar / 13 / 2015,TKO (Retirement),2,0:22
Philip Keller,16-Nov-81,5'4",138 lbs,2,6,1,50%,1,50%,0,0%,5,83%,1,17%,0,0%,loss,Cleveland McLean,Feb / 01 / 2014,TKO (Retirement),1,1:39
Jailton Almeida,28-Jun-91,6'4",235 lbs,22,3,8,36%,13,59%,1,5%,2,67%,0,0%,1,33%,win,Serghei Spivac,Jan / 18 / 2025,TKO (Punches),1,4:53
Jailton Almeida,28-Jun-91,6'4",235 lbs,22,3,8,36%,13,59%,1,5%,2,67%,0,0%,1,33%,win,Alexander Romanov,Jun / 01 / 2024,Submission (Rear-Naked Choke),1,2:27
Jailton Almeida,28-Jun-91,6'4",235 lbs,22,3,8,36%,13,59%,1,5%,2,67%,0,0%,1,33%,loss,Curtis Blaydes,Mar / 09 / 2024,KO (Punches),2,0:36
Jailton Almeida,28-Jun-91,6'4",235 lbs,22,3,8,36%,13,59%,1,5%,2,67%,0,0%,1,33%,win,Derrick Lewis,Nov / 04 / 2023,Decision (Unanimous),5,5:00
Jailton Almeida,28-Jun-91,6'4",235 lbs,22,3,8,36%,13,59%,1,5%,2,67%,0,0%,1,33%,win,Jairzinho Rozenstruik,May / 13 / 2023,Submission (Rear-Naked Choke),1,3:43
Jailton Almeida,28-Jun-91,6'4",235 lbs,22,3,8,36%,13,59%,1,5%,2,67%,0,0%,1,33%,win,Shamil Abdurakhimov,Jan / 21 / 2023,TKO (Punches),2,2:56
Jailton Almeida,28-Jun-91,6'4",235 lbs,22,3,8,36%,13,59%,1,5%,2,67%,0,0%,1,33%,win,Anton Turkalj,Sep / 10 / 2022,Submission (Rear-Naked Choke),1,4:27
Jailton Almeida,28-Jun-91,6'4",235 lbs,22,3,8,36%,13,59%,1,5%,2,67%,0,0%,1,33%,win,Parker Porter,May / 21 / 2022,Submission (Rear-Naked Choke),1,4:35
Jailton Almeida,28-Jun-91,6'4",235 lbs,22,3,8,36%,13,59%,1,5%,2,67%,0,0%,1,33%,win,Danilo Marques,Feb / 05 / 2022,TKO (Punches),1,2:57
Jailton Almeida,28-Jun-91,6'4",235 lbs,22,3,8,36%,13,59%,1,5%,2,67%,0,0%,1,33%,win,Nasrudin Nasrudinov,Sep / 14 / 2021,Submission (Rear-Naked Choke),2,1:49
Jailton Almeida,28-Jun-91,6'4",235 lbs,22,3,8,36%,13,59%,1,5%,2,67%,0,0%,1,33%,win,Edvaldo de Oliveira,Feb / 21 / 2021,Submission (Rear-Naked Choke),1,3:40
Jailton Almeida,28-Jun-91,6'4",235 lbs,22,3,8,36%,13,59%,1,5%,2,67%,0,0%,1,33%,win,Ildemar Alcantara,Oct / 11 / 2020,Submission (Arm-Triangle Choke),1,4:49
Jailton Almeida,28-Jun-91,6'4",235 lbs,22,3,8,36%,13,59%,1,5%,2,67%,0,0%,1,33%,win,Leonardo Argemiro Vasconcelos Correa,Jan / 17 / 2020,TKO (Punches),1,1:58
Jailton Almeida,28-Jun-91,6'4",235 lbs,22,3,8,36%,13,59%,1,5%,2,67%,0,0%,1,33%,win,Ednaldo Oliveira,Jul / 13 / 2019,Submission (Arm-Triangle Choke),2,1:51
Jailton Almeida,28-Jun-91,6'4",235 lbs,22,3,8,36%,13,59%,1,5%,2,67%,0,0%,1,33%,win,Rian Tavares,Mar / 16 / 2019,TKO (Punches),1,2:34
Jailton Almeida,28-Jun-91,6'4",235 lbs,22,3,8,36%,13,59%,1,5%,2,67%,0,0%,1,33%,win,Italo Nascimento,Feb / 23 / 2019,KO (Punches),1,2:05
Jailton Almeida,28-Jun-91,6'4",235 lbs,22,3,8,36%,13,59%,1,5%,2,67%,0,0%,1,33%,win,Douglas Garcia,Oct / 20 / 2018,Submission (Rear-Naked Choke),1,2:30
Jailton Almeida,28-Jun-91,6'4",235 lbs,22,3,8,36%,13,59%,1,5%,2,67%,0,0%,1,33%,win,David Allan,Jul / 21 / 2018,TKO (Punches),1,1:26
Jailton Almeida,28-Jun-91,6'4",235 lbs,22,3,8,36%,13,59%,1,5%,2,67%,0,0%,1,33%,loss,Bruno Assis,Jan / 28 / 2018,Decision (Unanimous),3,5:00
Jailton Almeida,28-Jun-91,6'4",235 lbs,22,3,8,36%,13,59%,1,5%,2,67%,0,0%,1,33%,win,Anderson Oliveira,Sep / 23 / 2017,Submission (Rear-Naked Choke),1,4:16
Jailton Almeida,28-Jun-91,6'4",235 lbs,22,3,8,36%,13,59%,1,5%,2,67%,0,0%,1,33%,loss,Tyago Moreira,Aug / 05 / 2017,KO (Punch),1,0:16
Jailton Almeida,28-Jun-91,6'4",235 lbs,22,3,8,36%,13,59%,1,5%,2,67%,0,0%,1,33%,win,Fagner Rakchal,Apr / 01 / 2017,TKO (Punches),2,1:15
Jailton Almeida,28-Jun-91,6'4",235 lbs,22,3,8,36%,13,59%,1,5%,2,67%,0,0%,1,33%,win,Roberto Bispo Silva,Jan / 16 / 2016,Submission (Rear-Naked Choke),2,1:30
Jailton Almeida,28-Jun-91,6'4",235 lbs,22,3,8,36%,13,59%,1,5%,2,67%,0,0%,1,33%,win,Leonardo Alves,Nov / 17 / 2012,Submission (Rear-Naked Choke),1,0:49
Jailton Almeida,28-Jun-91,6'4",235 lbs,22,3,8,36%,13,59%,1,5%,2,67%,0,0%,1,33%,win,Diego Reis,Sep / 29 / 2012,Submission (Rear-Naked Choke),1,0:00
Tom Aspinall,11-Apr-93,6'5",251 lbs,15,3,12,80%,3,20%,0,0%,1,33%,1,33%,0,0%,win,Curtis Blaydes,Jul / 27 / 2024,KO (Punches),1,1:00
Tom Aspinall,11-Apr-93,6'5",251 lbs,15,3,12,80%,3,20%,0,0%,1,33%,1,33%,0,0%,win,Sergei Pavlovich,Nov / 11 / 2023,KO (Punches),1,1:09
Tom Aspinall,11-Apr-93,6'5",251 lbs,15,3,12,80%,3,20%,0,0%,1,33%,1,33%,0,0%,win,Marcin Tybura,Jul / 22 / 2023,TKO (Elbow and Punches),1,1:13
Tom Aspinall,11-Apr-93,6'5",251 lbs,15,3,12,80%,3,20%,0,0%,1,33%,1,33%,0,0%,loss,Curtis Blaydes,Jul / 23 / 2022,TKO (Knee Injury),1,0:15
Tom Aspinall,11-Apr-93,6'5",251 lbs,15,3,12,80%,3,20%,0,0%,1,33%,1,33%,0,0%,win,Alexander Volkov,Mar / 19 / 2022,Submission (Straight Armbar),1,3:45
Tom Aspinall,11-Apr-93,6'5",251 lbs,15,3,12,80%,3,20%,0,0%,1,33%,1,33%,0,0%,win,Serghei Spivac,Sep / 04 / 2021,TKO (Elbow and Punches),1,2:30
Tom Aspinall,11-Apr-93,6'5",251 lbs,15,3,12,80%,3,20%,0,0%,1,33%,1,33%,0,0%,win,Andrei Arlovski,Feb / 20 / 2021,Submission (Rear-Naked Choke),2,1:09
Tom Aspinall,11-Apr-93,6'5",251 lbs,15,3,12,80%,3,20%,0,0%,1,33%,1,33%,0,0%,win,Alan Baudot,Oct / 10 / 2020,TKO (Elbows and Punches),1,1:35
Tom Aspinall,11-Apr-93,6'5",251 lbs,15,3,12,80%,3,20%,0,0%,1,33%,1,33%,0,0%,win,Jake Collier,Jul / 25 / 2020,TKO (Knee and Punches),1,0:45
Tom Aspinall,11-Apr-93,6'5",251 lbs,15,3,12,80%,3,20%,0,0%,1,33%,1,33%,0,0%,win,Michael Ben Hamouda,Sep / 28 / 2019,TKO (Punches),1,0:56
Tom Aspinall,11-Apr-93,6'5",251 lbs,15,3,12,80%,3,20%,0,0%,1,33%,1,33%,0,0%,win,Sofiane Boukichou,Feb / 16 / 2019,TKO (Leg Injury),1,1:21
Tom Aspinall,11-Apr-93,6'5",251 lbs,15,3,12,80%,3,20%,0,0%,1,33%,1,33%,0,0%,win,Kamil Bazelak,Jun / 18 / 2016,KO (Punch),1,1:16
Tom Aspinall,11-Apr-93,6'5",251 lbs,15,3,12,80%,3,20%,0,0%,1,33%,1,33%,0,0%,loss,Lukasz Parobiec,May / 14 / 2016,DQ (Illegal Downward Elbow),2,3:33
Tom Aspinall,11-Apr-93,6'5",251 lbs,15,3,12,80%,3,20%,0,0%,1,33%,1,33%,0,0%,win,Adrian Rusek,Mar / 12 / 2016,TKO (Punches),1,1:05
Tom Aspinall,11-Apr-93,6'5",251 lbs,15,3,12,80%,3,20%,0,0%,1,33%,1,33%,0,0%,loss,Stuart Austin,Jun / 13 / 2015,Submission (Heel Hook),2,3:59
Tom Aspinall,11-Apr-93,6'5",251 lbs,15,3,12,80%,3,20%,0,0%,1,33%,1,33%,0,0%,win,Satisch Jhamai,Mar / 28 / 2015,TKO (Punches),1,0:09
Tom Aspinall,11-Apr-93,6'5",251 lbs,15,3,12,80%,3,20%,0,0%,1,33%,1,33%,0,0%,win,Ricky King,Feb / 21 / 2015,Submission (Heel Hook),1,0:49
Tom Aspinall,11-Apr-93,6'5",251 lbs,15,3,12,80%,3,20%,0,0%,1,33%,1,33%,0,0%,win,Michael Piszczek,Dec / 13 / 2014,TKO (Submission to Punches),1,0:15
Jiri Prochazka,14-Oct-92,6'4",205 lbs,31,5,27,87%,3,10%,1,3%,4,80%,1,20%,0,0%,win,Jamahal Hill,Jan / 18 / 2025,TKO (Punches),3,3:01
Jiri Prochazka,14-Oct-92,6'4",205 lbs,31,5,27,87%,3,10%,1,3%,4,80%,1,20%,0,0%,loss,Alex Pereira,Jun / 29 / 2024,TKO (Head Kick and Punches),2,0:13
Jiri Prochazka,14-Oct-92,6'4",205 lbs,31,5,27,87%,3,10%,1,3%,4,80%,1,20%,0,0%,win,Aleksandar Rakic,Apr / 13 / 2024,TKO (Punches),2,3:17
Jiri Prochazka,14-Oct-92,6'4",205 lbs,31,5,27,87%,3,10%,1,3%,4,80%,1,20%,0,0%,loss,Alex Pereira,Nov / 11 / 2023,TKO (Elbows),2,4:08
Jiri Prochazka,14-Oct-92,6'4",205 lbs,31,5,27,87%,3,10%,1,3%,4,80%,1,20%,0,0%,win,Glover Teixeira,Jun / 12 / 2022,Submission (Rear-Naked Choke),5,4:32
Jiri Prochazka,14-Oct-92,6'4",205 lbs,31,5,27,87%,3,10%,1,3%,4,80%,1,20%,0,0%,win,Dominick Reyes,May / 01 / 2021,KO (Spinning Back Elbow),2,4:29
Jiri Prochazka,14-Oct-92,6'4",205 lbs,31,5,27,87%,3,10%,1,3%,4,80%,1,20%,0,0%,win,Volkan Oezdemir,Jul / 11 / 2020,KO (Punch),2,0:49
Jiri Prochazka,14-Oct-92,6'4",205 lbs,31,5,27,87%,3,10%,1,3%,4,80%,1,20%,0,0%,win,C.B. Dollaway,Dec / 31 / 2019,KO (Punches),1,1:55
Jiri Prochazka,14-Oct-92,6'4",205 lbs,31,5,27,87%,3,10%,1,3%,4,80%,1,20%,0,0%,win,Fabio Maldonado,Oct / 12 / 2019,KO (Punches),1,1:49
Jiri Prochazka,14-Oct-92,6'4",205 lbs,31,5,27,87%,3,10%,1,3%,4,80%,1,20%,0,0%,win,Muhammed Lawal,Apr / 21 / 2019,TKO (Punches),3,3:02
Jiri Prochazka,14-Oct-92,6'4",205 lbs,31,5,27,87%,3,10%,1,3%,4,80%,1,20%,0,0%,win,Brandon Halsey,Dec / 31 / 2018,TKO (Submission to Punches),1,6:30
Jiri Prochazka,14-Oct-92,6'4",205 lbs,31,5,27,87%,3,10%,1,3%,4,80%,1,20%,0,0%,win,Jake Heun,Sep / 30 / 2018,TKO (Punches),1,4:29
Jiri Prochazka,14-Oct-92,6'4",205 lbs,31,5,27,87%,3,10%,1,3%,4,80%,1,20%,0,0%,win,Bruno Cappelozza,Jul / 29 / 2018,KO (Punches),1,1:41
Jiri Prochazka,14-Oct-92,6'4",205 lbs,31,5,27,87%,3,10%,1,3%,4,80%,1,20%,0,0%,win,Karl Albrektsson,Dec / 29 / 2017,TKO (Punches),1,9:57
Jiri Prochazka,14-Oct-92,6'4",205 lbs,31,5,27,87%,3,10%,1,3%,4,80%,1,20%,0,0%,win,Wilian Roberto Alves,Sep / 29 / 2017,TKO (Punches),1,3:41
Jiri Prochazka,14-Oct-92,6'4",205 lbs,31,5,27,87%,3,10%,1,3%,4,80%,1,20%,0,0%,win,Mark Tanios,Sep / 25 / 2016,Decision (Unanimous),2,5:00
Jiri Prochazka,14-Oct-92,6'4",205 lbs,31,5,27,87%,3,10%,1,3%,4,80%,1,20%,0,0%,win,Kazuyuki Fujita,Apr / 17 / 2016,KO (Punch),1,3:18
Jiri Prochazka,14-Oct-92,6'4",205 lbs,31,5,27,87%,3,10%,1,3%,4,80%,1,20%,0,0%,loss,Muhammed Lawal,Dec / 31 / 2015,KO (Punch),1,5:09
Jiri Prochazka,14-Oct-92,6'4",205 lbs,31,5,27,87%,3,10%,1,3%,4,80%,1,20%,0,0%,win,Vadim Nemkov,Dec / 31 / 2015,TKO (Retirement),1,10:00
Jiri Prochazka,14-Oct-92,6'4",205 lbs,31,5,27,87%,3,10%,1,3%,4,80%,1,20%,0,0%,win,Satoshi Ishii,Dec / 29 / 2015,KO (Head Kick and Knees),1,1:36
Jiri Prochazka,14-Oct-92,6'4",205 lbs,31,5,27,87%,3,10%,1,3%,4,80%,1,20%,0,0%,win,Evgeni Kondratov,Nov / 21 / 2015,KO (Punch),1,4:23
Jiri Prochazka,14-Oct-92,6'4",205 lbs,31,5,27,87%,3,10%,1,3%,4,80%,1,20%,0,0%,win,Michal Fijalka,May / 22 / 2015,TKO (Corner Stoppage),1,5:00
Jiri Prochazka,14-Oct-92,6'4",205 lbs,31,5,27,87%,3,10%,1,3%,4,80%,1,20%,0,0%,win,Rokas Stambrauskas,Mar / 27 / 2015,TKO (Corner Stoppage),1,5:00
Jiri Prochazka,14-Oct-92,6'4",205 lbs,31,5,27,87%,3,10%,1,3%,4,80%,1,20%,0,0%,draw,Mikhail Mokhnatkin,Dec / 20 / 2014,Draw (Majority),3,5:00
Jiri Prochazka,14-Oct-92,6'4",205 lbs,31,5,27,87%,3,10%,1,3%,4,80%,1,20%,0,0%,win,Darko Stosic,Nov / 14 / 2014,TKO (Punches),1,1:09
Jiri Prochazka,14-Oct-92,6'4",205 lbs,31,5,27,87%,3,10%,1,3%,4,80%,1,20%,0,0%,win,Tomas Penz,Jun / 06 / 2014,TKO (Flying Knee and Punches),1,0:48
Jiri Prochazka,14-Oct-92,6'4",205 lbs,31,5,27,87%,3,10%,1,3%,4,80%,1,20%,0,0%,win,Viktor Bogutzki,Mar / 21 / 2014,Submission (Rear-Naked Choke),1,2:17
Jiri Prochazka,14-Oct-92,6'4",205 lbs,31,5,27,87%,3,10%,1,3%,4,80%,1,20%,0,0%,win,Martin Solc,Dec / 07 / 2013,KO (Flying Knee),3,4:00
Jiri Prochazka,14-Oct-92,6'4",205 lbs,31,5,27,87%,3,10%,1,3%,4,80%,1,20%,0,0%,win,Oliver Dohring,Oct / 12 / 2013,TKO (Punches),1,N/A
Jiri Prochazka,14-Oct-92,6'4",205 lbs,31,5,27,87%,3,10%,1,3%,4,80%,1,20%,0,0%,loss,Abdul-Kerim Edilov,Jun / 20 / 2013,Submission (Rear-Naked Choke),1,1:56
Jiri Prochazka,14-Oct-92,6'4",205 lbs,31,5,27,87%,3,10%,1,3%,4,80%,1,20%,0,0%,win,Radovan Estocin,May / 10 / 2013,KO (Flying Knee and Punches),1,0:26
Jiri Prochazka,14-Oct-92,6'4",205 lbs,31,5,27,87%,3,10%,1,3%,4,80%,1,20%,0,0%,win,Josef Zak,Feb / 15 / 2013,TKO (Punches),1,N/A
Jiri Prochazka,14-Oct-92,6'4",205 lbs,31,5,27,87%,3,10%,1,3%,4,80%,1,20%,0,0%,loss,Bojan Velickovic,Dec / 09 / 2012,TKO (Punches),1,N/A
Jiri Prochazka,14-Oct-92,6'4",205 lbs,31,5,27,87%,3,10%,1,3%,4,80%,1,20%,0,0%,win,Denic Strahinja,Nov / 15 / 2012,Submission (Triangle Choke),1,2:10
Jiri Prochazka,14-Oct-92,6'4",205 lbs,31,5,27,87%,3,10%,1,3%,4,80%,1,20%,0,0%,win,Martin Vanis,Oct / 20 / 2012,TKO (Punches),1,2:48
Jiri Prochazka,14-Oct-92,6'4",205 lbs,31,5,27,87%,3,10%,1,3%,4,80%,1,20%,0,0%,win,Vladimir Eis,Aug / 24 / 2012,KO (Knee),1,1:02
Jiri Prochazka,14-Oct-92,6'4",205 lbs,31,5,27,87%,3,10%,1,3%,4,80%,1,20%,0,0%,win,Stanislav Futera,Apr / 07 / 2012,KO (Punch),1,0:53
Dricus Du Plessis,14-Jan-94,6'0",185 lbs,22,2,9,41%,11,50%,2,9%,1,50%,1,50%,0,0%,win,Israel Adesanya,Aug / 17 / 2024,Submission (Face Crank),4,3:38
Dricus Du Plessis,14-Jan-94,6'0",185 lbs,22,2,9,41%,11,50%,2,9%,1,50%,1,50%,0,0%,win,Sean Strickland,Jan / 20 / 2024,Decision (Split),5,5:00
Dricus Du Plessis,14-Jan-94,6'0",185 lbs,22,2,9,41%,11,50%,2,9%,1,50%,1,50%,0,0%,win,Robert Whittaker,Jul / 08 / 2023,TKO (Punches),2,2:23
Dricus Du Plessis,14-Jan-94,6'0",185 lbs,22,2,9,41%,11,50%,2,9%,1,50%,1,50%,0,0%,win,Derek Brunson,Mar / 04 / 2023,TKO (Corner Stoppage),2,4:59
Dricus Du Plessis,14-Jan-94,6'0",185 lbs,22,2,9,41%,11,50%,2,9%,1,50%,1,50%,0,0%,win,Darren Till,Dec / 10 / 2022,Submission (Face Crank),3,2:43
Dricus Du Plessis,14-Jan-94,6'0",185 lbs,22,2,9,41%,11,50%,2,9%,1,50%,1,50%,0,0%,win,Brad Tavares,Jul / 02 / 2022,Decision (Unanimous),3,5:00
Dricus Du Plessis,14-Jan-94,6'0",185 lbs,22,2,9,41%,11,50%,2,9%,1,50%,1,50%,0,0%,win,Trevin Giles,Jul / 10 / 2021,KO (Punches),2,1:41
Dricus Du Plessis,14-Jan-94,6'0",185 lbs,22,2,9,41%,11,50%,2,9%,1,50%,1,50%,0,0%,win,Markus Perez,Oct / 10 / 2020,KO (Punches),1,3:22
Dricus Du Plessis,14-Jan-94,6'0",185 lbs,22,2,9,41%,11,50%,2,9%,1,50%,1,50%,0,0%,win,Brendan Lesar,Dec / 14 / 2019,Submission (Guillotine Choke),1,4:15
Dricus Du Plessis,14-Jan-94,6'0",185 lbs,22,2,9,41%,11,50%,2,9%,1,50%,1,50%,0,0%,win,Joilton Lutterbach,Sep / 14 / 2019,TKO (Punches),2,3:04
Dricus Du Plessis,14-Jan-94,6'0",185 lbs,22,2,9,41%,11,50%,2,9%,1,50%,1,50%,0,0%,loss,Roberto Soldic,Oct / 06 / 2018,KO (Punches),3,2:33
Dricus Du Plessis,14-Jan-94,6'0",185 lbs,22,2,9,41%,11,50%,2,9%,1,50%,1,50%,0,0%,win,Roberto Soldic,Apr / 14 / 2018,TKO (Punches),2,1:37
Dricus Du Plessis,14-Jan-94,6'0",185 lbs,22,2,9,41%,11,50%,2,9%,1,50%,1,50%,0,0%,win,Yannick Bahati,Aug / 19 / 2017,Submission (Guillotine Choke),1,1:30
Dricus Du Plessis,14-Jan-94,6'0",185 lbs,22,2,9,41%,11,50%,2,9%,1,50%,1,50%,0,0%,win,Jose Mauricio da Rocha Jr.,May / 13 / 2017,TKO (Punches),1,3:58
Dricus Du Plessis,14-Jan-94,6'0",185 lbs,22,2,9,41%,11,50%,2,9%,1,50%,1,50%,0,0%,win,Rafal Haratyk,Dec / 09 / 2016,Submission (Guillotine Choke),2,3:34
Dricus Du Plessis,14-Jan-94,6'0",185 lbs,22,2,9,41%,11,50%,2,9%,1,50%,1,50%,0,0%,win,Martin van Staden,Jun / 17 / 2016,Submission (Guillotine Choke),3,3:59
Dricus Du Plessis,14-Jan-94,6'0",185 lbs,22,2,9,41%,11,50%,2,9%,1,50%,1,50%,0,0%,win,Bruno Belabela Mukulu,Dec / 12 / 2015,Submission (Rear-Naked Choke),2,2:50
Dricus Du Plessis,14-Jan-94,6'0",185 lbs,22,2,9,41%,11,50%,2,9%,1,50%,1,50%,0,0%,win,Dino Bagattin,Jun / 06 / 2015,Submission (Rear-Naked Choke),2,3:33
Dricus Du Plessis,14-Jan-94,6'0",185 lbs,22,2,9,41%,11,50%,2,9%,1,50%,1,50%,0,0%,win,Darren Daniel,Feb / 21 / 2015,Submission (Rear-Naked Choke),1,4:50
Dricus Du Plessis,14-Jan-94,6'0",185 lbs,22,2,9,41%,11,50%,2,9%,1,50%,1,50%,0,0%,loss,Garreth McLellan,Aug / 30 / 2014,Technical Submission (Guillotine Choke),3,2:12
Dricus Du Plessis,14-Jan-94,6'0",185 lbs,22,2,9,41%,11,50%,2,9%,1,50%,1,50%,0,0%,win,Donavin Hawkey,Feb / 27 / 2014,TKO (Punches),1,4:50
Dricus Du Plessis,14-Jan-94,6'0",185 lbs,22,2,9,41%,11,50%,2,9%,1,50%,1,50%,0,0%,win,Johannes Coenraad Lamprecht,Oct / 10 / 2013,Submission (Rear-Naked Choke),3,1:54
Dricus Du Plessis,14-Jan-94,6'0",185 lbs,22,2,9,41%,11,50%,2,9%,1,50%,1,50%,0,0%,win,Bruno Belabela Mukulu,Sep / 12 / 2013,Submission (Rear-Naked Choke),1,2:34
Dricus Du Plessis,14-Jan-94,6'0",185 lbs,22,2,9,41%,11,50%,2,9%,1,50%,1,50%,0,0%,win,Tshikangu Makuebo,Jul / 25 / 2013,TKO (Punches),1,1:18
Yves Landu,13-Aug-86,5'8",145 lbs,21,9,5,24%,5,24%,11,52%,1,11%,1,11%,7,78%,win,Jonas Bilharinho,May / 17 / 2024,Decision (Split),3,5:00
Yves Landu,13-Aug-86,5'8",145 lbs,21,9,5,24%,5,24%,11,52%,1,11%,1,11%,7,78%,win,Isao Kobayashi,Nov / 17 / 2023,Decision (Split),3,5:00
Yves Landu,13-Aug-86,5'8",145 lbs,21,9,5,24%,5,24%,11,52%,1,11%,1,11%,7,78%,win,Piotr Niedzielski,May / 12 / 2023,Decision (Unanimous),3,5:00
Yves Landu,13-Aug-86,5'8",145 lbs,21,9,5,24%,5,24%,11,52%,1,11%,1,11%,7,78%,win,Walter Cogliandro,Oct / 29 / 2022,Decision (Unanimous),3,5:00
Yves Landu,13-Aug-86,5'8",145 lbs,21,9,5,24%,5,24%,11,52%,1,11%,1,11%,7,78%,win,Gavin Hughes,May / 06 / 2022,TKO (Knees and Body Kick),1,3:01
Yves Landu,13-Aug-86,5'8",145 lbs,21,9,5,24%,5,24%,11,52%,1,11%,1,11%,7,78%,loss,Tim Wilde,Oct / 01 / 2021,Decision (Unanimous),3,5:00
Yves Landu,13-Aug-86,5'8",145 lbs,21,9,5,24%,5,24%,11,52%,1,11%,1,11%,7,78%,win,Terry Brazier,Oct / 10 / 2020,KO (Flying Knee),1,2:18
Yves Landu,13-Aug-86,5'8",145 lbs,21,9,5,24%,5,24%,11,52%,1,11%,1,11%,7,78%,loss,Hiroto Uesako,Aug / 18 / 2019,TKO (Punches),2,3:45
Yves Landu,13-Aug-86,5'8",145 lbs,21,9,5,24%,5,24%,11,52%,1,11%,1,11%,7,78%,win,Aymard Guih,May / 04 / 2019,Decision (Unanimous),3,5:00
Yves Landu,13-Aug-86,5'8",145 lbs,21,9,5,24%,5,24%,11,52%,1,11%,1,11%,7,78%,win,Jean-Marc Howell,Apr / 20 / 2019,Technical Submission (Kimura),1,4:27
Yves Landu,13-Aug-86,5'8",145 lbs,21,9,5,24%,5,24%,11,52%,1,11%,1,11%,7,78%,win,Matheus Pereira Morais,Mar / 09 / 2019,Submission (Kimura),1,3:38
Yves Landu,13-Aug-86,5'8",145 lbs,21,9,5,24%,5,24%,11,52%,1,11%,1,11%,7,78%,win,Yazid Chouchane,May / 13 / 2017,Decision (Unanimous),2,5:00
Yves Landu,13-Aug-86,5'8",145 lbs,21,9,5,24%,5,24%,11,52%,1,11%,1,11%,7,78%,loss,Ali Abdulkhalikov,Mar / 26 / 2017,Decision (Unanimous),3,5:00
Yves Landu,13-Aug-86,5'8",145 lbs,21,9,5,24%,5,24%,11,52%,1,11%,1,11%,7,78%,win,Savo Lazic,Dec / 03 / 2016,Decision (Unanimous),3,5:00
Yves Landu,13-Aug-86,5'8",145 lbs,21,9,5,24%,5,24%,11,52%,1,11%,1,11%,7,78%,win,Nayeb Hezam,May / 14 / 2016,TKO (Doctor Stoppage),1,0:30
Yves Landu,13-Aug-86,5'8",145 lbs,21,9,5,24%,5,24%,11,52%,1,11%,1,11%,7,78%,loss,Dzhamal Magomedov,Apr / 02 / 2016,Decision (Unanimous),3,5:00
Yves Landu,13-Aug-86,5'8",145 lbs,21,9,5,24%,5,24%,11,52%,1,11%,1,11%,7,78%,loss,Jay Furness,Dec / 05 / 2015,Decision (Majority),3,5:00
Yves Landu,13-Aug-86,5'8",145 lbs,21,9,5,24%,5,24%,11,52%,1,11%,1,11%,7,78%,win,Artiyom Gorodynets,Jun / 14 / 2014,KO (High Kick),1,0:13
Yves Landu,13-Aug-86,5'8",145 lbs,21,9,5,24%,5,24%,11,52%,1,11%,1,11%,7,78%,loss,Iftikhor Arbobov,Mar / 25 / 2012,Submission (Rear-Naked Choke),2,0:35
Yves Landu,13-Aug-86,5'8",145 lbs,21,9,5,24%,5,24%,11,52%,1,11%,1,11%,7,78%,loss,Vugar Bakhshiev,Nov / 12 / 2011,Decision (Unanimous),3,5:00
Yves Landu,13-Aug-86,5'8",145 lbs,21,9,5,24%,5,24%,11,52%,1,11%,1,11%,7,78%,loss,Mansour Barnaoui,May / 28 / 2011,Decision (Split),3,5:00
Yves Landu,13-Aug-86,5'8",145 lbs,21,9,5,24%,5,24%,11,52%,1,11%,1,11%,7,78%,win,Mehdi Baghdad,May / 28 / 2011,Decision (Unanimous),2,5:00
Yves Landu,13-Aug-86,5'8",145 lbs,21,9,5,24%,5,24%,11,52%,1,11%,1,11%,7,78%,loss,Shahbulat Shamhalaev,Apr / 01 / 2011,Decision (Unanimous),3,5:00
Yves Landu,13-Aug-86,5'8",145 lbs,21,9,5,24%,5,24%,11,52%,1,11%,1,11%,7,78%,win,Araik Margarian,Jan / 15 / 2011,Decision (Unanimous),3,5:00
Yves Landu,13-Aug-86,5'8",145 lbs,21,9,5,24%,5,24%,11,52%,1,11%,1,11%,7,78%,win,Mickael Ignaczak,Jun / 19 / 2010,Submission (Kimura),2,0:00
Yves Landu,13-Aug-86,5'8",145 lbs,21,9,5,24%,5,24%,11,52%,1,11%,1,11%,7,78%,win,Fabrice Riconneau,Jun / 19 / 2010,TKO (Punches),2,0:00
Yves Landu,13-Aug-86,5'8",145 lbs,21,9,5,24%,5,24%,11,52%,1,11%,1,11%,7,78%,win,Mehdi Rzouzi,Jun / 19 / 2010,Submission (Americana),2,0:00
Yves Landu,13-Aug-86,5'8",145 lbs,21,9,5,24%,5,24%,11,52%,1,11%,1,11%,7,78%,win,Sebastien Marty,Apr / 10 / 2010,Decision (Split),3,4:00
Yves Landu,13-Aug-86,5'8",145 lbs,21,9,5,24%,5,24%,11,52%,1,11%,1,11%,7,78%,win,Omar Biadi,Apr / 10 / 2010,Submission (Keylock),2,3:18
Yves Landu,13-Aug-86,5'8",145 lbs,21,9,5,24%,5,24%,11,52%,1,11%,1,11%,7,78%,win,Murad Benseghir,Apr / 10 / 2010,Decision (Unanimous),2,4:00
Michael Page,7-Apr-87,6'3",185 lbs,23,3,13,57%,3,13%,7,30%,1,33%,0,0%,2,67%,win,Sharabutdin Magomedov,Feb / 01 / 2025,Decision (Unanimous),3,5:00
Michael Page,7-Apr-87,6'3",185 lbs,23,3,13,57%,3,13%,7,30%,1,33%,0,0%,2,67%,loss,Ian Garry,Jun / 29 / 2024,Decision (Unanimous),3,5:00
Michael Page,7-Apr-87,6'3",185 lbs,23,3,13,57%,3,13%,7,30%,1,33%,0,0%,2,67%,win,Kevin Holland,Mar / 09 / 2024,Decision (Unanimous),3,5:00
Michael Page,7-Apr-87,6'3",185 lbs,23,3,13,57%,3,13%,7,30%,1,33%,0,0%,2,67%,win,Goiti Yamauchi,Mar / 10 / 2023,TKO (Leg Kick),1,0:26
Michael Page,7-Apr-87,6'3",185 lbs,23,3,13,57%,3,13%,7,30%,1,33%,0,0%,2,67%,loss,Logan Storley,May / 13 / 2022,Decision (Split),5,5:00
Michael Page,7-Apr-87,6'3",185 lbs,23,3,13,57%,3,13%,7,30%,1,33%,0,0%,2,67%,win,Douglas Lima,Oct / 01 / 2021,Decision (Split),3,5:00
Michael Page,7-Apr-87,6'3",185 lbs,23,3,13,57%,3,13%,7,30%,1,33%,0,0%,2,67%,win,Derek Anderson,May / 07 / 2021,TKO (Doctor Stoppage),1,5:00
Michael Page,7-Apr-87,6'3",185 lbs,23,3,13,57%,3,13%,7,30%,1,33%,0,0%,2,67%,win,Ross Houston,Oct / 10 / 2020,Decision (Unanimous),3,5:00
Michael Page,7-Apr-87,6'3",185 lbs,23,3,13,57%,3,13%,7,30%,1,33%,0,0%,2,67%,win,Shinsho Anzai,Dec / 29 / 2019,KO (Punch),2,0:23
Michael Page,7-Apr-87,6'3",185 lbs,23,3,13,57%,3,13%,7,30%,1,33%,0,0%,2,67%,win,Giovanni Melillo,Nov / 23 / 2019,KO (Punch),1,1:47
Michael Page,7-Apr-87,6'3",185 lbs,23,3,13,57%,3,13%,7,30%,1,33%,0,0%,2,67%,win,Richard Kiely,Sep / 27 / 2019,KO (Flying Knee),1,2:42
Michael Page,7-Apr-87,6'3",185 lbs,23,3,13,57%,3,13%,7,30%,1,33%,0,0%,2,67%,loss,Douglas Lima,May / 11 / 2019,KO (Punches),2,0:35
Michael Page,7-Apr-87,6'3",185 lbs,23,3,13,57%,3,13%,7,30%,1,33%,0,0%,2,67%,win,Paul Daley,Feb / 16 / 2019,Decision (Unanimous),5,5:00
Michael Page,7-Apr-87,6'3",185 lbs,23,3,13,57%,3,13%,7,30%,1,33%,0,0%,2,67%,win,David Rickels,May / 25 / 2018,TKO (Retirement),2,0:43
Michael Page,7-Apr-87,6'3",185 lbs,23,3,13,57%,3,13%,7,30%,1,33%,0,0%,2,67%,win,Fernando Gonzalez,Nov / 19 / 2016,Decision (Split),3,5:00
Michael Page,7-Apr-87,6'3",185 lbs,23,3,13,57%,3,13%,7,30%,1,33%,0,0%,2,67%,win,Evangelista Santos,Jul / 16 / 2016,KO (Flying Knee),2,4:31
Michael Page,7-Apr-87,6'3",185 lbs,23,3,13,57%,3,13%,7,30%,1,33%,0,0%,2,67%,win,Jeremie Holloway,Apr / 22 / 2016,Submission (Achilles Lock),1,2:15
Michael Page,7-Apr-87,6'3",185 lbs,23,3,13,57%,3,13%,7,30%,1,33%,0,0%,2,67%,win,Charlie Ontiveros,Oct / 23 / 2015,TKO (Elbows),1,3:20
Michael Page,7-Apr-87,6'3",185 lbs,23,3,13,57%,3,13%,7,30%,1,33%,0,0%,2,67%,win,Rudy Bears,Jul / 17 / 2015,KO (Punch),1,1:05
Michael Page,7-Apr-87,6'3",185 lbs,23,3,13,57%,3,13%,7,30%,1,33%,0,0%,2,67%,win,Nah-Shon Burrell,Oct / 10 / 2014,Decision (Unanimous),3,5:00
Michael Page,7-Apr-87,6'3",185 lbs,23,3,13,57%,3,13%,7,30%,1,33%,0,0%,2,67%,win,Ricky Rainey,May / 17 / 2014,TKO (Punch),1,4:29
Michael Page,7-Apr-87,6'3",185 lbs,23,3,13,57%,3,13%,7,30%,1,33%,0,0%,2,67%,win,Ramdan Mohamed,Apr / 12 / 2013,Submission (Rear-Naked Choke),1,3:48
Michael Page,7-Apr-87,6'3",185 lbs,23,3,13,57%,3,13%,7,30%,1,33%,0,0%,2,67%,win,Ryan Sanders,Mar / 21 / 2013,KO (Punch),1,0:10
Michael Page,7-Apr-87,6'3",185 lbs,23,3,13,57%,3,13%,7,30%,1,33%,0,0%,2,67%,win,Haitham El-Sayed,Nov / 02 / 2012,TKO (Doctor Stoppage),1,2:15
Michael Page,7-Apr-87,6'3",185 lbs,23,3,13,57%,3,13%,7,30%,1,33%,0,0%,2,67%,win,Miguel Bernard,Apr / 07 / 2012,Submission (Armbar),1,1:43
Michael Page,7-Apr-87,6'3",185 lbs,23,3,13,57%,3,13%,7,30%,1,33%,0,0%,2,67%,win,Ben Dishman,Feb / 04 / 2012,TKO (Tornado Kick),1,1:05
Dricus Du Plessis,14-Jan-94,6'0",185 lbs,22,2,9,41%,11,50%,2,9%,1,50%,1,50%,0,0%,win,Israel Adesanya,Aug / 17 / 2024,Submission (Face Crank),4,3:38
Dricus Du Plessis,14-Jan-94,6'0",185 lbs,22,2,9,41%,11,50%,2,9%,1,50%,1,50%,0,0%,win,Sean Strickland,Jan / 20 / 2024,Decision (Split),5,5:00
Dricus Du Plessis,14-Jan-94,6'0",185 lbs,22,2,9,41%,11,50%,2,9%,1,50%,1,50%,0,0%,win,Robert Whittaker,Jul / 08 / 2023,TKO (Punches),2,2:23
Dricus Du Plessis,14-Jan-94,6'0",185 lbs,22,2,9,41%,11,50%,2,9%,1,50%,1,50%,0,0%,win,Derek Brunson,Mar / 04 / 2023,TKO (Corner Stoppage),2,4:59
Dricus Du Plessis,14-Jan-94,6'0",185 lbs,22,2,9,41%,11,50%,2,9%,1,50%,1,50%,0,0%,win,Darren Till,Dec / 10 / 2022,Submission (Face Crank),3,2:43
Dricus Du Plessis,14-Jan-94,6'0",185 lbs,22,2,9,41%,11,50%,2,9%,1,50%,1,50%,0,0%,win,Brad Tavares,Jul / 02 / 2022,Decision (Unanimous),3,5:00
Dricus Du Plessis,14-Jan-94,6'0",185 lbs,22,2,9,41%,11,50%,2,9%,1,50%,1,50%,0,0%,win,Trevin Giles,Jul / 10 / 2021,KO (Punches),2,1:41
Dricus Du Plessis,14-Jan-94,6'0",185 lbs,22,2,9,41%,11,50%,2,9%,1,50%,1,50%,0,0%,win,Markus Perez,Oct / 10 / 2020,KO (Punches),1,3:22
Dricus Du Plessis,14-Jan-94,6'0",185 lbs,22,2,9,41%,11,50%,2,9%,1,50%,1,50%,0,0%,win,Brendan Lesar,Dec / 14 / 2019,Submission (Guillotine Choke),1,4:15
Dricus Du Plessis,14-Jan-94,6'0",185 lbs,22,2,9,41%,11,50%,2,9%,1,50%,1,50%,0,0%,win,Joilton Lutterbach,Sep / 14 / 2019,TKO (Punches),2,3:04
Dricus Du Plessis,14-Jan-94,6'0",185 lbs,22,2,9,41%,11,50%,2,9%,1,50%,1,50%,0,0%,loss,Roberto Soldic,Oct / 06 / 2018,KO (Punches),3,2:33
Dricus Du Plessis,14-Jan-94,6'0",185 lbs,22,2,9,41%,11,50%,2,9%,1,50%,1,50%,0,0%,win,Roberto Soldic,Apr / 14 / 2018,TKO (Punches),2,1:37
Dricus Du Plessis,14-Jan-94,6'0",185 lbs,22,2,9,41%,11,50%,2,9%,1,50%,1,50%,0,0%,win,Yannick Bahati,Aug / 19 / 2017,Submission (Guillotine Choke),1,1:30
Dricus Du Plessis,14-Jan-94,6'0",185 lbs,22,2,9,41%,11,50%,2,9%,1,50%,1,50%,0,0%,win,Jose Mauricio da Rocha Jr.,May / 13 / 2017,TKO (Punches),1,3:58
Dricus Du Plessis,14-Jan-94,6'0",185 lbs,22,2,9,41%,11,50%,2,9%,1,50%,1,50%,0,0%,win,Rafal Haratyk,Dec / 09 / 2016,Submission (Guillotine Choke),2,3:34
Dricus Du Plessis,14-Jan-94,6'0",185 lbs,22,2,9,41%,11,50%,2,9%,1,50%,1,50%,0,0%,win,Martin van Staden,Jun / 17 / 2016,Submission (Guillotine Choke),3,3:59
Dricus Du Plessis,14-Jan-94,6'0",185 lbs,22,2,9,41%,11,50%,2,9%,1,50%,1,50%,0,0%,win,Bruno Belabela Mukulu,Dec / 12 / 2015,Submission (Rear-Naked Choke),2,2:50
Dricus Du Plessis,14-Jan-94,6'0",185 lbs,22,2,9,41%,11,50%,2,9%,1,50%,1,50%,0,0%,win,Dino Bagattin,Jun / 06 / 2015,Submission (Rear-Naked Choke),2,3:33
Dricus Du Plessis,14-Jan-94,6'0",185 lbs,22,2,9,41%,11,50%,2,9%,1,50%,1,50%,0,0%,win,Darren Daniel,Feb / 21 / 2015,Submission (Rear-Naked Choke),1,4:50
Dricus Du Plessis,14-Jan-94,6'0",185 lbs,22,2,9,41%,11,50%,2,9%,1,50%,1,50%,0,0%,loss,Garreth McLellan,Aug / 30 / 2014,Technical Submission (Guillotine Choke),3,2:12
Dricus Du Plessis,14-Jan-94,6'0",185 lbs,22,2,9,41%,11,50%,2,9%,1,50%,1,50%,0,0%,win,Donavin Hawkey,Feb / 27 / 2014,TKO (Punches),1,4:50
Dricus Du Plessis,14-Jan-94,6'0",185 lbs,22,2,9,41%,11,50%,2,9%,1,50%,1,50%,0,0%,win,Johannes Coenraad Lamprecht,Oct / 10 / 2013,Submission (Rear-Naked Choke),3,1:54
Dricus Du Plessis,14-Jan-94,6'0",185 lbs,22,2,9,41%,11,50%,2,9%,1,50%,1,50%,0,0%,win,Bruno Belabela Mukulu,Sep / 12 / 2013,Submission (Rear-Naked Choke),1,2:34
Dricus Du Plessis,14-Jan-94,6'0",185 lbs,22,2,9,41%,11,50%,2,9%,1,50%,1,50%,0,0%,win,Tshikangu Makuebo,Jul / 25 / 2013,TKO (Punches),1,1:18
Sean Strickland,27-Feb-91,6'1",185 lbs,29,6,11,38%,4,14%,14,48%,2,33%,0,0%,4,67%,win,Paulo Costa,Jun / 01 / 2024,Decision (Split),5,5:00
Sean Strickland,27-Feb-91,6'1",185 lbs,29,6,11,38%,4,14%,14,48%,2,33%,0,0%,4,67%,loss,Dricus Du Plessis,Jan / 20 / 2024,Decision (Split),5,5:00
Sean Strickland,27-Feb-91,6'1",185 lbs,29,6,11,38%,4,14%,14,48%,2,33%,0,0%,4,67%,win,Israel Adesanya,Sep / 09 / 2023,Decision (Unanimous),5,5:00
Sean Strickland,27-Feb-91,6'1",185 lbs,29,6,11,38%,4,14%,14,48%,2,33%,0,0%,4,67%,win,Abusupiyan Magomedov,Jul / 01 / 2023,TKO (Punches),2,4:20
Sean Strickland,27-Feb-91,6'1",185 lbs,29,6,11,38%,4,14%,14,48%,2,33%,0,0%,4,67%,win,Nassourdine Imavov,Jan / 14 / 2023,Decision (Unanimous),5,5:00
Sean Strickland,27-Feb-91,6'1",185 lbs,29,6,11,38%,4,14%,14,48%,2,33%,0,0%,4,67%,loss,Jared Cannonier,Dec / 17 / 2022,Decision (Split),5,5:00
Sean Strickland,27-Feb-91,6'1",185 lbs,29,6,11,38%,4,14%,14,48%,2,33%,0,0%,4,67%,loss,Alex Pereira,Jul / 02 / 2022,KO (Punches),1,2:36
Sean Strickland,27-Feb-91,6'1",185 lbs,29,6,11,38%,4,14%,14,48%,2,33%,0,0%,4,67%,win,Jack Hermansson,Feb / 05 / 2022,Decision (Split),5,5:00
Sean Strickland,27-Feb-91,6'1",185 lbs,29,6,11,38%,4,14%,14,48%,2,33%,0,0%,4,67%,win,Uriah Hall,Jul / 31 / 2021,Decision (Unanimous),5,5:00
Sean Strickland,27-Feb-91,6'1",185 lbs,29,6,11,38%,4,14%,14,48%,2,33%,0,0%,4,67%,win,Krzysztof Jotko,May / 01 / 2021,Decision (Unanimous),3,5:00
Sean Strickland,27-Feb-91,6'1",185 lbs,29,6,11,38%,4,14%,14,48%,2,33%,0,0%,4,67%,win,Brendan Allen,Nov / 14 / 2020,TKO (Punches),2,1:32
Sean Strickland,27-Feb-91,6'1",185 lbs,29,6,11,38%,4,14%,14,48%,2,33%,0,0%,4,67%,win,Jack Marshman,Oct / 31 / 2020,Decision (Unanimous),3,5:00
Sean Strickland,27-Feb-91,6'1",185 lbs,29,6,11,38%,4,14%,14,48%,2,33%,0,0%,4,67%,win,Nordine Taleb,Oct / 27 / 2018,TKO (Punches),2,3:10
Sean Strickland,27-Feb-91,6'1",185 lbs,29,6,11,38%,4,14%,14,48%,2,33%,0,0%,4,67%,loss,Elizeu Zaleski dos Santos,May / 12 / 2018,KO (Spinning Wheel Kick and Punches),1,3:40
Sean Strickland,27-Feb-91,6'1",185 lbs,29,6,11,38%,4,14%,14,48%,2,33%,0,0%,4,67%,win,Court McGee,Nov / 11 / 2017,Decision (Unanimous),3,5:00
Sean Strickland,27-Feb-91,6'1",185 lbs,29,6,11,38%,4,14%,14,48%,2,33%,0,0%,4,67%,loss,Kamaru Usman,Apr / 08 / 2017,Decision (Unanimous),3,5:00
Sean Strickland,27-Feb-91,6'1",185 lbs,29,6,11,38%,4,14%,14,48%,2,33%,0,0%,4,67%,win,Tom Breese,Jun / 04 / 2016,Decision (Split),3,5:00
Sean Strickland,27-Feb-91,6'1",185 lbs,29,6,11,38%,4,14%,14,48%,2,33%,0,0%,4,67%,win,Alex Garcia,Feb / 21 / 2016,TKO (Punches),3,4:25
Sean Strickland,27-Feb-91,6'1",185 lbs,29,6,11,38%,4,14%,14,48%,2,33%,0,0%,4,67%,win,Igor Araujo,Jul / 15 / 2015,Decision (Unanimous),3,5:00
Sean Strickland,27-Feb-91,6'1",185 lbs,29,6,11,38%,4,14%,14,48%,2,33%,0,0%,4,67%,loss,Santiago Ponzinibbio,Feb / 22 / 2015,Decision (Unanimous),3,5:00
Sean Strickland,27-Feb-91,6'1",185 lbs,29,6,11,38%,4,14%,14,48%,2,33%,0,0%,4,67%,win,Luke Barnatt,May / 31 / 2014,Decision (Split),3,5:00
Sean Strickland,27-Feb-91,6'1",185 lbs,29,6,11,38%,4,14%,14,48%,2,33%,0,0%,4,67%,win,Bubba McDaniel,Mar / 15 / 2014,Submission (Rear-Naked Choke),1,4:33
Sean Strickland,27-Feb-91,6'1",185 lbs,29,6,11,38%,4,14%,14,48%,2,33%,0,0%,4,67%,win,Matt Lagler,Aug / 29 / 2013,TKO (Punches),1,4:59
Sean Strickland,27-Feb-91,6'1",185 lbs,29,6,11,38%,4,14%,14,48%,2,33%,0,0%,4,67%,win,Yusuke Sakashita,Jul / 05 / 2013,Decision (Unanimous),5,5:00
Sean Strickland,27-Feb-91,6'1",185 lbs,29,6,11,38%,4,14%,14,48%,2,33%,0,0%,4,67%,win,Bill Albrecht,Feb / 07 / 2013,KO (Punch),1,2:41
Sean Strickland,27-Feb-91,6'1",185 lbs,29,6,11,38%,4,14%,14,48%,2,33%,0,0%,4,67%,win,Josh Bryant,Dec / 08 / 2012,Decision (Split),3,5:00
Sean Strickland,27-Feb-91,6'1",185 lbs,29,6,11,38%,4,14%,14,48%,2,33%,0,0%,4,67%,win,Brandon Hunt,Apr / 26 / 2012,TKO (Punches),1,3:24
Sean Strickland,27-Feb-91,6'1",185 lbs,29,6,11,38%,4,14%,14,48%,2,33%,0,0%,4,67%,win,Brandon Hunt,Dec / 17 / 2011,TKO (Punches),1,3:48
Sean Strickland,27-Feb-91,6'1",185 lbs,29,6,11,38%,4,14%,14,48%,2,33%,0,0%,4,67%,win,Brett Sbardella,Aug / 06 / 2011,KO (Punches),1,1:03
Sean Strickland,27-Feb-91,6'1",185 lbs,29,6,11,38%,4,14%,14,48%,2,33%,0,0%,4,67%,win,Donavin Hawkey,Nov / 25 / 2010,Submission (Rear-Naked Choke),1,1:21
Sean Strickland,27-Feb-91,6'1",185 lbs,29,6,11,38%,4,14%,14,48%,2,33%,0,0%,4,67%,win,Adriel Montes,Oct / 02 / 2010,TKO (Punches),2,1:05
Sean Strickland,27-Feb-91,6'1",185 lbs,29,6,11,38%,4,14%,14,48%,2,33%,0,0%,4,67%,win,George Interiano,Jan / 03 / 2010,Decision (Unanimous),3,3:00
Sean Strickland,27-Feb-91,6'1",185 lbs,29,6,11,38%,4,14%,14,48%,2,33%,0,0%,4,67%,win,William Wheeler,Oct / 03 / 2009,Submission (Rear-Naked Choke),1,1:55
Sean Strickland,27-Feb-91,6'1",185 lbs,29,6,11,38%,4,14%,14,48%,2,33%,0,0%,4,67%,win,Brandon Ellsworth,Mar / 14 / 2009,TKO (Punches),1,1:28
Sean Strickland,27-Feb-91,6'1",185 lbs,29,6,11,38%,4,14%,14,48%,2,33%,0,0%,4,67%,win,Tyler Pottett,Mar / 22 / 2008,Submission (Rear-Naked Choke),2,1:53
Tatiana Suarez,19-Dec-90,5'5",115 lbs,10,0,2,20%,5,50%,3,30%,0,0%,0,0%,0,0%,win,Jessica Andrade,Aug / 05 / 2023,Submission (Guillotine Choke),2,1:31
Tatiana Suarez,19-Dec-90,5'5",115 lbs,10,0,2,20%,5,50%,3,30%,0,0%,0,0%,0,0%,win,Montana De La Rosa,Feb / 25 / 2023,Submission (Guillotine Choke),2,4:15
Tatiana Suarez,19-Dec-90,5'5",115 lbs,10,0,2,20%,5,50%,3,30%,0,0%,0,0%,0,0%,win,Nina Nunes,Jun / 08 / 2019,Decision (Unanimous),3,5:00
Tatiana Suarez,19-Dec-90,5'5",115 lbs,10,0,2,20%,5,50%,3,30%,0,0%,0,0%,0,0%,win,Carla Esparza,Sep / 08 / 2018,TKO (Punches),3,4:33
Tatiana Suarez,19-Dec-90,5'5",115 lbs,10,0,2,20%,5,50%,3,30%,0,0%,0,0%,0,0%,win,Alexa Grasso,May / 19 / 2018,Submission (Rear-Naked Choke),1,2:44
Tatiana Suarez,19-Dec-90,5'5",115 lbs,10,0,2,20%,5,50%,3,30%,0,0%,0,0%,0,0%,win,Viviane Pereira,Nov / 11 / 2017,Decision (Unanimous),3,5:00
Tatiana Suarez,19-Dec-90,5'5",115 lbs,10,0,2,20%,5,50%,3,30%,0,0%,0,0%,0,0%,win,Amanda Bobby Brundage,Jul / 08 / 2016,Submission (Brabo Choke),1,3:43
Tatiana Suarez,19-Dec-90,5'5",115 lbs,10,0,2,20%,5,50%,3,30%,0,0%,0,0%,0,0%,win,Arline Coban,Aug / 22 / 2015,TKO (Punches),2,0:48
Tatiana Suarez,19-Dec-90,5'5",115 lbs,10,0,2,20%,5,50%,3,30%,0,0%,0,0%,0,0%,win,Carolina Alvarez,Apr / 11 / 2015,Submission (Armbar),1,2:01
Tatiana Suarez,19-Dec-90,5'5",115 lbs,10,0,2,20%,5,50%,3,30%,0,0%,0,0%,0,0%,win,Tyra Parker,Jul / 19 / 2014,Decision (Unanimous),3,5:00
Weili Zhang,13-Aug-89,5'4",115 lbs,25,3,11,44%,8,32%,6,24%,1,33%,0,0%,2,67%,win,Xiaonan Yan,Apr / 13 / 2024,Decision (Unanimous),5,5:00
Weili Zhang,13-Aug-89,5'4",115 lbs,25,3,11,44%,8,32%,6,24%,1,33%,0,0%,2,67%,win,Amanda Lemos,Aug / 19 / 2023,Decision (Unanimous),5,5:00
Weili Zhang,13-Aug-89,5'4",115 lbs,25,3,11,44%,8,32%,6,24%,1,33%,0,0%,2,67%,win,Carla Esparza,Nov / 12 / 2022,Submission (Rear-Naked Choke),2,1:05
Weili Zhang,13-Aug-89,5'4",115 lbs,25,3,11,44%,8,32%,6,24%,1,33%,0,0%,2,67%,win,Joanna Jedrzejczyk,Jun / 12 / 2022,KO (Spinning Backfist),2,2:28
Weili Zhang,13-Aug-89,5'4",115 lbs,25,3,11,44%,8,32%,6,24%,1,33%,0,0%,2,67%,loss,Rose Namajunas,Nov / 06 / 2021,Decision (Split),5,5:00
Weili Zhang,13-Aug-89,5'4",115 lbs,25,3,11,44%,8,32%,6,24%,1,33%,0,0%,2,67%,loss,Rose Namajunas,Apr / 24 / 2021,KO (Head Kick),1,1:18
Weili Zhang,13-Aug-89,5'4",115 lbs,25,3,11,44%,8,32%,6,24%,1,33%,0,0%,2,67%,win,Joanna Jedrzejczyk,Mar / 07 / 2020,Decision (Split),5,5:00
Weili Zhang,13-Aug-89,5'4",115 lbs,25,3,11,44%,8,32%,6,24%,1,33%,0,0%,2,67%,win,Jessica Andrade,Aug / 31 / 2019,TKO (Knees and Punches),1,0:42
Weili Zhang,13-Aug-89,5'4",115 lbs,25,3,11,44%,8,32%,6,24%,1,33%,0,0%,2,67%,win,Tecia Pennington,Mar / 02 / 2019,Decision (Unanimous),3,5:00
Weili Zhang,13-Aug-89,5'4",115 lbs,25,3,11,44%,8,32%,6,24%,1,33%,0,0%,2,67%,win,Jessica Aguilar,Nov / 24 / 2018,Submission (Armbar),1,3:41
Weili Zhang,13-Aug-89,5'4",115 lbs,25,3,11,44%,8,32%,6,24%,1,33%,0,0%,2,67%,win,Danielle Taylor,Aug / 04 / 2018,Decision (Unanimous),3,5:00
Weili Zhang,13-Aug-89,5'4",115 lbs,25,3,11,44%,8,32%,6,24%,1,33%,0,0%,2,67%,win,Bianca Sattelmayer,Oct / 03 / 2017,Submission (Armbar),1,3:29
Weili Zhang,13-Aug-89,5'4",115 lbs,25,3,11,44%,8,32%,6,24%,1,33%,0,0%,2,67%,win,Marilia Santos,Aug / 28 / 2017,TKO (Elbows),2,3:20
Weili Zhang,13-Aug-89,5'4",115 lbs,25,3,11,44%,8,32%,6,24%,1,33%,0,0%,2,67%,win,Ye Dam Seo,Jul / 22 / 2017,TKO (Elbow and Punches),2,1:35
Weili Zhang,13-Aug-89,5'4",115 lbs,25,3,11,44%,8,32%,6,24%,1,33%,0,0%,2,67%,win,Aline Sattelmayer,Jun / 01 / 2017,Decision (Unanimous),3,5:00
Weili Zhang,13-Aug-89,5'4",115 lbs,25,3,11,44%,8,32%,6,24%,1,33%,0,0%,2,67%,win,Simone da Silva,May / 04 / 2017,TKO (Punches),1,2:29
Weili Zhang,13-Aug-89,5'4",115 lbs,25,3,11,44%,8,32%,6,24%,1,33%,0,0%,2,67%,win,Nayara Hemily,Feb / 25 / 2017,Submission (Guillotine Choke),1,0:41
Weili Zhang,13-Aug-89,5'4",115 lbs,25,3,11,44%,8,32%,6,24%,1,33%,0,0%,2,67%,win,Veronica Grenno Maune,Jan / 02 / 2017,KO (Knee to the Body),1,1:52
Weili Zhang,13-Aug-89,5'4",115 lbs,25,3,11,44%,8,32%,6,24%,1,33%,0,0%,2,67%,win,Karla Benitez,Dec / 15 / 2016,KO (Punches),1,2:15
Weili Zhang,13-Aug-89,5'4",115 lbs,25,3,11,44%,8,32%,6,24%,1,33%,0,0%,2,67%,win,Maira Mazar,Sep / 24 / 2016,Submission (Rear-Naked Choke),1,4:11
Weili Zhang,13-Aug-89,5'4",115 lbs,25,3,11,44%,8,32%,6,24%,1,33%,0,0%,2,67%,win,Emi Fujino,Aug / 07 / 2016,TKO (Doctor Stoppage),2,2:51
Weili Zhang,13-Aug-89,5'4",115 lbs,25,3,11,44%,8,32%,6,24%,1,33%,0,0%,2,67%,win,Liliya Kazak,Jul / 10 / 2016,KO (Head Kick),2,4:15
Weili Zhang,13-Aug-89,5'4",115 lbs,25,3,11,44%,8,32%,6,24%,1,33%,0,0%,2,67%,win,Alice Ardelean,May / 22 / 2016,Submission (Rear-Naked Choke),2,4:41
Weili Zhang,13-Aug-89,5'4",115 lbs,25,3,11,44%,8,32%,6,24%,1,33%,0,0%,2,67%,win,Svetlana Gotsyk,Feb / 21 / 2016,TKO (Punches),2,2:29
Weili Zhang,13-Aug-89,5'4",115 lbs,25,3,11,44%,8,32%,6,24%,1,33%,0,0%,2,67%,win,Samantha Jean-Francois,Dec / 19 / 2015,TKO (Punches),1,3:37
Weili Zhang,13-Aug-89,5'4",115 lbs,25,3,11,44%,8,32%,6,24%,1,33%,0,0%,2,67%,win,Feier Huang,Oct / 27 / 2014,Submission (Rear-Naked Choke),1,0:40
Weili Zhang,13-Aug-89,5'4",115 lbs,25,3,11,44%,8,32%,6,24%,1,33%,0,0%,2,67%,win,Shuxia  Wu,Oct / 14 / 2014,Submission (Armbar),1,1:56
Weili Zhang,13-Aug-89,5'4",115 lbs,25,3,11,44%,8,32%,6,24%,1,33%,0,0%,2,67%,loss,Meng Bo,Nov / 09 / 2013,Decision (Unanimous),2,5:00
Dakota Ditcheva,25-Jul-98,5'8",125 lbs,14,0,12,86%,1,7%,1,7%,0,0%,0,0%,0,0%,win,Taila Santos,Nov / 29 / 2024,TKO (Punches to the Body),2,4:41
Dakota Ditcheva,25-Jul-98,5'8",125 lbs,14,0,12,86%,1,7%,1,7%,0,0%,0,0%,0,0%,win,Jena Bishop,Aug / 02 / 2024,TKO (Front Kick to the Body and Punch),1,3:54
Dakota Ditcheva,25-Jul-98,5'8",125 lbs,14,0,12,86%,1,7%,1,7%,0,0%,0,0%,0,0%,win,Chelsea Hackett,Jun / 13 / 2024,TKO (Punch to the Body),1,3:22
Dakota Ditcheva,25-Jul-98,5'8",125 lbs,14,0,12,86%,1,7%,1,7%,0,0%,0,0%,0,0%,win,Lisa Mauldin,Apr / 04 / 2024,TKO (Knee to the Body and Punches),1,3:54
Dakota Ditcheva,25-Jul-98,5'8",125 lbs,14,0,12,86%,1,7%,1,7%,0,0%,0,0%,0,0%,win,Valentina Scatizzi,Dec / 08 / 2023,TKO (Doctor Stoppage),1,5:00
Dakota Ditcheva,25-Jul-98,5'8",125 lbs,14,0,12,86%,1,7%,1,7%,0,0%,0,0%,0,0%,win,Cornelia Holm,Sep / 30 / 2023,KO (Punch to the Body),3,2:55
Dakota Ditcheva,25-Jul-98,5'8",125 lbs,14,0,12,86%,1,7%,1,7%,0,0%,0,0%,0,0%,win,Malin Hermansson,Mar / 25 / 2023,Submission (Rear-Naked Choke),1,3:52
Dakota Ditcheva,25-Jul-98,5'8",125 lbs,14,0,12,86%,1,7%,1,7%,0,0%,0,0%,0,0%,win,Katherine Corogenes,Nov / 25 / 2022,KO (Punch),1,4:20
Dakota Ditcheva,25-Jul-98,5'8",125 lbs,14,0,12,86%,1,7%,1,7%,0,0%,0,0%,0,0%,win,Hassna Gaber,Aug / 20 / 2022,TKO (Submission to Knee to the Body),1,0:58
Dakota Ditcheva,25-Jul-98,5'8",125 lbs,14,0,12,86%,1,7%,1,7%,0,0%,0,0%,0,0%,win,Paula Cristina dos Santos Silva,Mar / 26 / 2022,Decision (Unanimous),3,5:00
Dakota Ditcheva,25-Jul-98,5'8",125 lbs,14,0,12,86%,1,7%,1,7%,0,0%,0,0%,0,0%,win,Simone da Silva,Jan / 15 / 2022,TKO (Punches),2,3:43
Dakota Ditcheva,25-Jul-98,5'8",125 lbs,14,0,12,86%,1,7%,1,7%,0,0%,0,0%,0,0%,win,Patricia Borges Fernandes,Nov / 27 / 2021,TKO (Elbows),1,3:58
Dakota Ditcheva,25-Jul-98,5'8",125 lbs,14,0,12,86%,1,7%,1,7%,0,0%,0,0%,0,0%,win,Kerry Isom,Sep / 12 / 2021,TKO (Punches),1,4:49
Dakota Ditcheva,25-Jul-98,5'8",125 lbs,14,0,12,86%,1,7%,1,7%,0,0%,0,0%,0,0%,win,Jenny Line,Apr / 10 / 2021,TKO (Elbows and Knees),1,2:04
Dovletdzhan Yagshimuradov,22-May-89,5'11",205 lbs,25,7,14,56%,4,16%,7,28%,2,29%,3,43%,2,29%,win,Impa Kasanganay,Nov / 29 / 2024,KO (Punches),1,0:58
Dovletdzhan Yagshimuradov,22-May-89,5'11",205 lbs,25,7,14,56%,4,16%,7,28%,2,29%,3,43%,2,29%,win,Rob Wilkinson,Aug / 16 / 2024,Decision (Unanimous),3,5:00
Dovletdzhan Yagshimuradov,22-May-89,5'11",205 lbs,25,7,14,56%,4,16%,7,28%,2,29%,3,43%,2,29%,win,Simon Biyong,Jun / 21 / 2024,Decision (Unanimous),3,5:00
Dovletdzhan Yagshimuradov,22-May-89,5'11",205 lbs,25,7,14,56%,4,16%,7,28%,2,29%,3,43%,2,29%,win,Jakob Nedoh,Apr / 12 / 2024,TKO (Punches),1,2:54
Dovletdzhan Yagshimuradov,22-May-89,5'11",205 lbs,25,7,14,56%,4,16%,7,28%,2,29%,3,43%,2,29%,win,Maciej Rozanski,Oct / 07 / 2023,Decision (Unanimous),3,5:00
Dovletdzhan Yagshimuradov,22-May-89,5'11",205 lbs,25,7,14,56%,4,16%,7,28%,2,29%,3,43%,2,29%,win,Julius Anglickas,Mar / 10 / 2023,Decision (Unanimous),3,5:00
Dovletdzhan Yagshimuradov,22-May-89,5'11",205 lbs,25,7,14,56%,4,16%,7,28%,2,29%,3,43%,2,29%,win,Rafael Carvalho,Apr / 15 / 2022,TKO (Elbows and Punches),2,4:04
Dovletdzhan Yagshimuradov,22-May-89,5'11",205 lbs,25,7,14,56%,4,16%,7,28%,2,29%,3,43%,2,29%,loss,Karl Albrektsson,Oct / 16 / 2021,Decision (Unanimous),3,5:00
Dovletdzhan Yagshimuradov,22-May-89,5'11",205 lbs,25,7,14,56%,4,16%,7,28%,2,29%,3,43%,2,29%,loss,Corey Anderson,Apr / 16 / 2021,TKO (Punches and Elbows),3,2:15
Dovletdzhan Yagshimuradov,22-May-89,5'11",205 lbs,25,7,14,56%,4,16%,7,28%,2,29%,3,43%,2,29%,win,Aleksei Butorin,Dec / 14 / 2019,Decision (Unanimous),5,5:00
Dovletdzhan Yagshimuradov,22-May-89,5'11",205 lbs,25,7,14,56%,4,16%,7,28%,2,29%,3,43%,2,29%,win,Karol Celinski,Feb / 16 / 2019,TKO (Punches),4,4:16
Dovletdzhan Yagshimuradov,22-May-89,5'11",205 lbs,25,7,14,56%,4,16%,7,28%,2,29%,3,43%,2,29%,win,Batraz Agnaev,May / 05 / 2018,Submission (Rear-Naked Choke),2,2:44
Dovletdzhan Yagshimuradov,22-May-89,5'11",205 lbs,25,7,14,56%,4,16%,7,28%,2,29%,3,43%,2,29%,win,Luis Fernando Miranda,Jan / 27 / 2018,KO (Punch),1,1:03
Dovletdzhan Yagshimuradov,22-May-89,5'11",205 lbs,25,7,14,56%,4,16%,7,28%,2,29%,3,43%,2,29%,win,Joachim Christensen,Nov / 25 / 2017,KO (Punch),1,1:14
Dovletdzhan Yagshimuradov,22-May-89,5'11",205 lbs,25,7,14,56%,4,16%,7,28%,2,29%,3,43%,2,29%,win,Jared Torgeson,Jun / 17 / 2017,Submission (Rear-Naked Choke),3,0:39
Dovletdzhan Yagshimuradov,22-May-89,5'11",205 lbs,25,7,14,56%,4,16%,7,28%,2,29%,3,43%,2,29%,win,Dan Konecke,Jan / 21 / 2017,TKO (Knee and Punches),2,2:44
Dovletdzhan Yagshimuradov,22-May-89,5'11",205 lbs,25,7,14,56%,4,16%,7,28%,2,29%,3,43%,2,29%,win,Vitaliy Onishchenko,May / 14 / 2016,Decision (Unanimous),2,5:00
Dovletdzhan Yagshimuradov,22-May-89,5'11",205 lbs,25,7,14,56%,4,16%,7,28%,2,29%,3,43%,2,29%,loss,Mikhail Ragozin,Sep / 20 / 2015,TKO (Punches),3,2:00
Dovletdzhan Yagshimuradov,22-May-89,5'11",205 lbs,25,7,14,56%,4,16%,7,28%,2,29%,3,43%,2,29%,win,Maxim Kushnerenko,Aug / 28 / 2015,KO (Punch),1,0:27
Dovletdzhan Yagshimuradov,22-May-89,5'11",205 lbs,25,7,14,56%,4,16%,7,28%,2,29%,3,43%,2,29%,loss,Magomed Ankalaev,Oct / 18 / 2014,Decision (Unanimous),3,5:00
Dovletdzhan Yagshimuradov,22-May-89,5'11",205 lbs,25,7,14,56%,4,16%,7,28%,2,29%,3,43%,2,29%,win,Fuad Gadirov,Dec / 28 / 2013,KO (Punch),2,3:59
Dovletdzhan Yagshimuradov,22-May-89,5'11",205 lbs,25,7,14,56%,4,16%,7,28%,2,29%,3,43%,2,29%,win,Borys Polezhai,Nov / 02 / 2013,TKO (Corner Stoppage),1,2:31
Dovletdzhan Yagshimuradov,22-May-89,5'11",205 lbs,25,7,14,56%,4,16%,7,28%,2,29%,3,43%,2,29%,win,Arsen Mensitov,Jun / 20 / 2013,TKO (Punches),1,1:39
Dovletdzhan Yagshimuradov,22-May-89,5'11",205 lbs,25,7,14,56%,4,16%,7,28%,2,29%,3,43%,2,29%,win,Bogdan Savchenko,May / 11 / 2013,Decision (Unanimous),3,5:00
Dovletdzhan Yagshimuradov,22-May-89,5'11",205 lbs,25,7,14,56%,4,16%,7,28%,2,29%,3,43%,2,29%,win,Anton Stepanenko,Apr / 27 / 2013,TKO (Punches),1,0:53
Dovletdzhan Yagshimuradov,22-May-89,5'11",205 lbs,25,7,14,56%,4,16%,7,28%,2,29%,3,43%,2,29%,loss,Aleksander Boyko,Mar / 23 / 2013,Submission (Guillotine Choke),1,0:17
Dovletdzhan Yagshimuradov,22-May-89,5'11",205 lbs,25,7,14,56%,4,16%,7,28%,2,29%,3,43%,2,29%,win,Mihail Petkov,Mar / 09 / 2013,Submission (Rear-Naked Choke),1,3:07
Dovletdzhan Yagshimuradov,22-May-89,5'11",205 lbs,25,7,14,56%,4,16%,7,28%,2,29%,3,43%,2,29%,loss,Rashid Yusupov,Feb / 16 / 2013,Submission (Armbar),2,4:45
Dovletdzhan Yagshimuradov,22-May-89,5'11",205 lbs,25,7,14,56%,4,16%,7,28%,2,29%,3,43%,2,29%,win,Alexander Barbaryan,Jan / 05 / 2013,Submission (Achilles Lock),1,2:15
Dovletdzhan Yagshimuradov,22-May-89,5'11",205 lbs,25,7,14,56%,4,16%,7,28%,2,29%,3,43%,2,29%,win,Sergei Lewandowskiy,Dec / 21 / 2012,TKO (Punches),1,0:30
Dovletdzhan Yagshimuradov,22-May-89,5'11",205 lbs,25,7,14,56%,4,16%,7,28%,2,29%,3,43%,2,29%,win,Arthur Vartanian,Nov / 24 / 2012,TKO (Punches),1,1:57
Dovletdzhan Yagshimuradov,22-May-89,5'11",205 lbs,25,7,14,56%,4,16%,7,28%,2,29%,3,43%,2,29%,loss,Vasily Babich,May / 13 / 2012,Submission (Inverted Triangle Choke),2,1:58
Dovletdzhan Yagshimuradov,22-May-89,5'11",205 lbs,25,7,14,56%,4,16%,7,28%,2,29%,3,43%,2,29%,draw,Rudolf Kriz,Mar / 25 / 2012,Draw,2,5:00
Shamil Musaev,8-Jan-94,5'10",170 lbs,18,0,12,67%,2,11%,4,22%,0,0%,0,0%,0,0%,win,Magomed Umalatov,Nov / 29 / 2024,TKO (Punches),3,1:44
Shamil Musaev,8-Jan-94,5'10",170 lbs,18,0,12,67%,2,11%,4,22%,0,0%,0,0%,0,0%,win,Murad Ramazanov,Aug / 23 / 2024,Decision (Unanimous),3,5:00
Shamil Musaev,8-Jan-94,5'10",170 lbs,18,0,12,67%,2,11%,4,22%,0,0%,0,0%,0,0%,win,Murad Ramazanov,Jun / 28 / 2024,TKO (Punches),2,1:51
Shamil Musaev,8-Jan-94,5'10",170 lbs,18,0,12,67%,2,11%,4,22%,0,0%,0,0%,0,0%,win,Logan Storley,Apr / 19 / 2024,KO (Punches),2,0:27
Shamil Musaev,8-Jan-94,5'10",170 lbs,18,0,12,67%,2,11%,4,22%,0,0%,0,0%,0,0%,win,Alexey Kunchenko,Jul / 28 / 2023,TKO (Spinning Back Kick and Punches),1,1:26
Shamil Musaev,8-Jan-94,5'10",170 lbs,18,0,12,67%,2,11%,4,22%,0,0%,0,0%,0,0%,draw,Michal Pietrzak,Oct / 23 / 2021,Draw (Majority),3,5:00
Shamil Musaev,8-Jan-94,5'10",170 lbs,18,0,12,67%,2,11%,4,22%,0,0%,0,0%,0,0%,win,Uros Jurisic,Jan / 30 / 2021,Decision (Unanimous),3,5:00
Shamil Musaev,8-Jan-94,5'10",170 lbs,18,0,12,67%,2,11%,4,22%,0,0%,0,0%,0,0%,win,Grzegorz Szulakowski,Dec / 07 / 2019,KO (Spinning Back Fist),1,1:17
Shamil Musaev,8-Jan-94,5'10",170 lbs,18,0,12,67%,2,11%,4,22%,0,0%,0,0%,0,0%,win,Hubert Szymajda,Apr / 27 / 2019,TKO (Punches),1,3:52
Shamil Musaev,8-Jan-94,5'10",170 lbs,18,0,12,67%,2,11%,4,22%,0,0%,0,0%,0,0%,win,Marat Khasanov,Dec / 27 / 2018,TKO (Punches),1,3:08
Shamil Musaev,8-Jan-94,5'10",170 lbs,18,0,12,67%,2,11%,4,22%,0,0%,0,0%,0,0%,win,Muller da Silva Couto,Mar / 10 / 2018,Submission (Rear-Naked Choke),1,2:52
Shamil Musaev,8-Jan-94,5'10",170 lbs,18,0,12,67%,2,11%,4,22%,0,0%,0,0%,0,0%,win,Rasul Samadov,May / 20 / 2017,KO (Head Kick),1,2:47
Shamil Musaev,8-Jan-94,5'10",170 lbs,18,0,12,67%,2,11%,4,22%,0,0%,0,0%,0,0%,win,Gergo Bodis,Aug / 12 / 2016,Submission (Rear-Naked Choke),1,2:24
Shamil Musaev,8-Jan-94,5'10",170 lbs,18,0,12,67%,2,11%,4,22%,0,0%,0,0%,0,0%,win,Mirlan Tilekbaev,Mar / 05 / 2016,TKO (Punches),2,1:26
Shamil Musaev,8-Jan-94,5'10",170 lbs,18,0,12,67%,2,11%,4,22%,0,0%,0,0%,0,0%,win,Felipe Salvador Nsue Ayiugono,Nov / 22 / 2014,KO (Punch),1,1:12
Shamil Musaev,8-Jan-94,5'10",170 lbs,18,0,12,67%,2,11%,4,22%,0,0%,0,0%,0,0%,win,Roman Mironenko,Jun / 15 / 2014,Decision (Unanimous),2,5:00
Shamil Musaev,8-Jan-94,5'10",170 lbs,18,0,12,67%,2,11%,4,22%,0,0%,0,0%,0,0%,win,Paval Masalski,May / 27 / 2014,TKO (Punches),2,2:30
Shamil Musaev,8-Jan-94,5'10",170 lbs,18,0,12,67%,2,11%,4,22%,0,0%,0,0%,0,0%,win,Ravil Gadjiev,Sep / 14 / 2013,Decision (Unanimous),2,5:00
Shamil Musaev,8-Jan-94,5'10",170 lbs,18,0,12,67%,2,11%,4,22%,0,0%,0,0%,0,0%,win,Muslim Mubarakshoev,Jun / 30 / 2013,TKO (Doctor Stoppage),1,4:45
Denis Goltsov,10-Jun-90,6'5",248 lbs,36,8,18,50%,12,33%,6,17%,4,50%,3,38%,1,13%,win,Oleg Popov,Nov / 29 / 2024,Technical Submission (Triangle Choke),1,2:55
Denis Goltsov,10-Jun-90,6'5",248 lbs,36,8,18,50%,12,33%,6,17%,4,50%,3,38%,1,13%,win,Tim Johnson,Aug / 02 / 2024,TKO (Punches),1,2:26
Denis Goltsov,10-Jun-90,6'5",248 lbs,36,8,18,50%,12,33%,6,17%,4,50%,3,38%,1,13%,win,Thiago Santos,Jun / 13 / 2024,TKO (Punches),1,2:22
Denis Goltsov,10-Jun-90,6'5",248 lbs,36,8,18,50%,12,33%,6,17%,4,50%,3,38%,1,13%,win,Linton Vassell,Apr / 04 / 2024,TKO (Punches),3,3:11
Denis Goltsov,10-Jun-90,6'5",248 lbs,36,8,18,50%,12,33%,6,17%,4,50%,3,38%,1,13%,loss,Renan Ferreira,Nov / 24 / 2023,TKO (Punches),2,0:26
Denis Goltsov,10-Jun-90,6'5",248 lbs,36,8,18,50%,12,33%,6,17%,4,50%,3,38%,1,13%,win,Jordan Heiderman,Aug / 18 / 2023,Submission (Arm-Triangle Choke),1,4:16
Denis Goltsov,10-Jun-90,6'5",248 lbs,36,8,18,50%,12,33%,6,17%,4,50%,3,38%,1,13%,win,Yorgan De Castro,Jun / 16 / 2023,KO (Punch),1,0:18
Denis Goltsov,10-Jun-90,6'5",248 lbs,36,8,18,50%,12,33%,6,17%,4,50%,3,38%,1,13%,win,Cezar Ferreira,Apr / 14 / 2023,KO (Punches),1,2:07
Denis Goltsov,10-Jun-90,6'5",248 lbs,36,8,18,50%,12,33%,6,17%,4,50%,3,38%,1,13%,win,Maurice Greene,Jun / 24 / 2022,Decision (Unanimous),3,5:00
Denis Goltsov,10-Jun-90,6'5",248 lbs,36,8,18,50%,12,33%,6,17%,4,50%,3,38%,1,13%,win,Cody Goodale,Apr / 28 / 2022,TKO (Punches),1,3:20
Denis Goltsov,10-Jun-90,6'5",248 lbs,36,8,18,50%,12,33%,6,17%,4,50%,3,38%,1,13%,loss,Ante Delija,Aug / 19 / 2021,Decision (Unanimous),3,5:00
Denis Goltsov,10-Jun-90,6'5",248 lbs,36,8,18,50%,12,33%,6,17%,4,50%,3,38%,1,13%,win,Brandon Sayles,Jun / 25 / 2021,TKO (Punches),3,1:24
Denis Goltsov,10-Jun-90,6'5",248 lbs,36,8,18,50%,12,33%,6,17%,4,50%,3,38%,1,13%,win,Muhammed DeReese,May / 06 / 2021,TKO (Punches),1,4:21
Denis Goltsov,10-Jun-90,6'5",248 lbs,36,8,18,50%,12,33%,6,17%,4,50%,3,38%,1,13%,loss,Ali Isaev,Oct / 31 / 2019,TKO (Punches),3,4:59
Denis Goltsov,10-Jun-90,6'5",248 lbs,36,8,18,50%,12,33%,6,17%,4,50%,3,38%,1,13%,win,Satoshi Ishii,Oct / 31 / 2019,Decision (Majority),2,5:00
Denis Goltsov,10-Jun-90,6'5",248 lbs,36,8,18,50%,12,33%,6,17%,4,50%,3,38%,1,13%,win,Kelvin Tiller,Aug / 08 / 2019,Submission (Ezekiel Choke),2,3:40
Denis Goltsov,10-Jun-90,6'5",248 lbs,36,8,18,50%,12,33%,6,17%,4,50%,3,38%,1,13%,win,Jared Rosholt,Jun / 06 / 2019,TKO (Punches),1,2:03
Denis Goltsov,10-Jun-90,6'5",248 lbs,36,8,18,50%,12,33%,6,17%,4,50%,3,38%,1,13%,win,Ednaldo Oliveira,Aug / 22 / 2018,Submission (Brabo Choke),2,4:51
Denis Goltsov,10-Jun-90,6'5",248 lbs,36,8,18,50%,12,33%,6,17%,4,50%,3,38%,1,13%,win,Atanas Djambazov,Feb / 25 / 2018,Submission (Ezekiel Choke),1,4:59
Denis Goltsov,10-Jun-90,6'5",248 lbs,36,8,18,50%,12,33%,6,17%,4,50%,3,38%,1,13%,win,Chase Gormley,Dec / 23 / 2017,KO (Punch),2,2:16
Denis Goltsov,10-Jun-90,6'5",248 lbs,36,8,18,50%,12,33%,6,17%,4,50%,3,38%,1,13%,loss,Mukhomad Vakhaev,Aug / 19 / 2017,TKO (Submission to Punches),4,1:57
Denis Goltsov,10-Jun-90,6'5",248 lbs,36,8,18,50%,12,33%,6,17%,4,50%,3,38%,1,13%,win,Salimgerey Rasulov,Dec / 18 / 2016,Decision (Unanimous),5,5:00
Denis Goltsov,10-Jun-90,6'5",248 lbs,36,8,18,50%,12,33%,6,17%,4,50%,3,38%,1,13%,win,Paul Buentello,Jul / 15 / 2016,KO (Head Kick),1,3:07
Denis Goltsov,10-Jun-90,6'5",248 lbs,36,8,18,50%,12,33%,6,17%,4,50%,3,38%,1,13%,win,Mike Kyle,Mar / 26 / 2016,Technical Submission (Triangle Choke),1,2:18
Denis Goltsov,10-Jun-90,6'5",248 lbs,36,8,18,50%,12,33%,6,17%,4,50%,3,38%,1,13%,win,John Hawk,Oct / 09 / 2015,TKO (Punches),1,2:14
Denis Goltsov,10-Jun-90,6'5",248 lbs,36,8,18,50%,12,33%,6,17%,4,50%,3,38%,1,13%,win,James McSweeney,Jul / 24 / 2015,TKO (Head Kick and Punches),2,0:46
Denis Goltsov,10-Jun-90,6'5",248 lbs,36,8,18,50%,12,33%,6,17%,4,50%,3,38%,1,13%,win,Peter Graham,Apr / 03 / 2015,Submission (Kimura),2,3:23
Denis Goltsov,10-Jun-90,6'5",248 lbs,36,8,18,50%,12,33%,6,17%,4,50%,3,38%,1,13%,win,Zoumana Cisse,Dec / 12 / 2014,Submission (Armbar),1,4:04
Denis Goltsov,10-Jun-90,6'5",248 lbs,36,8,18,50%,12,33%,6,17%,4,50%,3,38%,1,13%,win,Brett Rogers,Sep / 19 / 2014,Decision (Unanimous),3,5:00
Denis Goltsov,10-Jun-90,6'5",248 lbs,36,8,18,50%,12,33%,6,17%,4,50%,3,38%,1,13%,win,Roy Boughton,May / 23 / 2014,Decision (Unanimous),3,5:00
Denis Goltsov,10-Jun-90,6'5",248 lbs,36,8,18,50%,12,33%,6,17%,4,50%,3,38%,1,13%,win,Ivo Skopljak,Mar / 21 / 2014,Submission (Armbar),1,1:50
Denis Goltsov,10-Jun-90,6'5",248 lbs,36,8,18,50%,12,33%,6,17%,4,50%,3,38%,1,13%,win,Szymon Bajor,Dec / 21 / 2013,KO (Punch),2,4:07
Denis Goltsov,10-Jun-90,6'5",248 lbs,36,8,18,50%,12,33%,6,17%,4,50%,3,38%,1,13%,win,Dritan Barjamaj,Aug / 17 / 2013,Submission (Guillotine Choke),1,1:00
Denis Goltsov,10-Jun-90,6'5",248 lbs,36,8,18,50%,12,33%,6,17%,4,50%,3,38%,1,13%,win,Tadas Rimkevicius,Dec / 14 / 2012,TKO (Punches),1,1:25
Denis Goltsov,10-Jun-90,6'5",248 lbs,36,8,18,50%,12,33%,6,17%,4,50%,3,38%,1,13%,win,Yuri Gorbenko,Sep / 02 / 2012,KO (Head Kick),2,0:58
Denis Goltsov,10-Jun-90,6'5",248 lbs,36,8,18,50%,12,33%,6,17%,4,50%,3,38%,1,13%,loss,Akhmed Sultanov,Jun / 21 / 2012,Submission (Heel Hook),1,1:28
Denis Goltsov,10-Jun-90,6'5",248 lbs,36,8,18,50%,12,33%,6,17%,4,50%,3,38%,1,13%,win,Konstantin Erokhin,Apr / 06 / 2012,KO (Backfist),3,0:00
Denis Goltsov,10-Jun-90,6'5",248 lbs,36,8,18,50%,12,33%,6,17%,4,50%,3,38%,1,13%,win,Teymur Aslanov,Nov / 19 / 2011,Submission (Triangle Choke),1,1:55
Denis Goltsov,10-Jun-90,6'5",248 lbs,36,8,18,50%,12,33%,6,17%,4,50%,3,38%,1,13%,loss,Alexander Volkov,Apr / 28 / 2011,TKO (Punches),2,3:05
Denis Goltsov,10-Jun-90,6'5",248 lbs,36,8,18,50%,12,33%,6,17%,4,50%,3,38%,1,13%,loss,Dmitry Poberezhets,Apr / 09 / 2011,Submission (Rear-Naked Choke),2,1:54
Denis Goltsov,10-Jun-90,6'5",248 lbs,36,8,18,50%,12,33%,6,17%,4,50%,3,38%,1,13%,win,Ilya Dzhadugishvili,Feb / 13 / 2011,TKO (Punches),1,1:26
Denis Goltsov,10-Jun-90,6'5",248 lbs,36,8,18,50%,12,33%,6,17%,4,50%,3,38%,1,13%,loss,Ibragim   Ibragimov,Dec / 25 / 2010,Submission (Heel Hook),1,4:35
Denis Goltsov,10-Jun-90,6'5",248 lbs,36,8,18,50%,12,33%,6,17%,4,50%,3,38%,1,13%,win,Marat Aliaskhabov,Oct / 28 / 2010,Submission (Straight Armbar),1,4:56
Denis Goltsov,10-Jun-90,6'5",248 lbs,36,8,18,50%,12,33%,6,17%,4,50%,3,38%,1,13%,win,Igor Kukurudziak,Aug / 19 / 2010,Decision (Unanimous),3,5:00
Timur Khizriev,19-Nov-95,5'8",146 lbs,18,0,3,17%,1,6%,14,78%,0,0%,0,0%,0,0%,win,Brendan Loughnane,Nov / 29 / 2024,Decision (Unanimous),5,5:00
Timur Khizriev,19-Nov-95,5'8",146 lbs,18,0,3,17%,1,6%,14,78%,0,0%,0,0%,0,0%,win,Gabriel Braga,Aug / 23 / 2024,Decision (Split),3,5:00
Timur Khizriev,19-Nov-95,5'8",146 lbs,18,0,3,17%,1,6%,14,78%,0,0%,0,0%,0,0%,win,Enrique Barzola,Jun / 28 / 2024,Decision (Unanimous),3,5:00
Timur Khizriev,19-Nov-95,5'8",146 lbs,18,0,3,17%,1,6%,14,78%,0,0%,0,0%,0,0%,win,Brett Johns,Apr / 19 / 2024,Decision (Unanimous),3,5:00
Timur Khizriev,19-Nov-95,5'8",146 lbs,18,0,3,17%,1,6%,14,78%,0,0%,0,0%,0,0%,win,Justin Gonzales,Nov / 17 / 2023,Decision (Unanimous),3,5:00
Timur Khizriev,19-Nov-95,5'8",146 lbs,18,0,3,17%,1,6%,14,78%,0,0%,0,0%,0,0%,win,Richie Smullen,Jun / 16 / 2023,Decision (Unanimous),3,5:00
Timur Khizriev,19-Nov-95,5'8",146 lbs,18,0,3,17%,1,6%,14,78%,0,0%,0,0%,0,0%,win,Daniel Weichel,Nov / 18 / 2022,Decision (Unanimous),3,5:00
Timur Khizriev,19-Nov-95,5'8",146 lbs,18,0,3,17%,1,6%,14,78%,0,0%,0,0%,0,0%,win,Ruslan Ryskul,Sep / 17 / 2021,Technical Submission (Guillotine Choke),1,3:06
Timur Khizriev,19-Nov-95,5'8",146 lbs,18,0,3,17%,1,6%,14,78%,0,0%,0,0%,0,0%,win,Alexander Belikh,Dec / 25 / 2020,Decision (Unanimous),3,5:00
Timur Khizriev,19-Nov-95,5'8",146 lbs,18,0,3,17%,1,6%,14,78%,0,0%,0,0%,0,0%,win,Baish Babakulov,Aug / 22 / 2020,TKO (Punches),1,2:55
Timur Khizriev,19-Nov-95,5'8",146 lbs,18,0,3,17%,1,6%,14,78%,0,0%,0,0%,0,0%,win,Bibert Tumenov,Mar / 23 / 2019,Decision (Unanimous),5,5:00
Timur Khizriev,19-Nov-95,5'8",146 lbs,18,0,3,17%,1,6%,14,78%,0,0%,0,0%,0,0%,win,Yusup-Khadzhi Zubariev,Dec / 22 / 2018,Decision (Unanimous),3,5:00
Timur Khizriev,19-Nov-95,5'8",146 lbs,18,0,3,17%,1,6%,14,78%,0,0%,0,0%,0,0%,win,Musa Visengeriev,Oct / 13 / 2018,Decision (Unanimous),3,5:00
Timur Khizriev,19-Nov-95,5'8",146 lbs,18,0,3,17%,1,6%,14,78%,0,0%,0,0%,0,0%,win,Maxim Pugachev,Apr / 15 / 2018,Decision (Unanimous),3,5:00
Timur Khizriev,19-Nov-95,5'8",146 lbs,18,0,3,17%,1,6%,14,78%,0,0%,0,0%,0,0%,win,Martiros Grigoryan,Sep / 04 / 2017,TKO (Head Kick and Punches),1,2:09
Timur Khizriev,19-Nov-95,5'8",146 lbs,18,0,3,17%,1,6%,14,78%,0,0%,0,0%,0,0%,win,Bolin Li,Sep / 23 / 2016,Decision (Unanimous),3,5:00
Timur Khizriev,19-Nov-95,5'8",146 lbs,18,0,3,17%,1,6%,14,78%,0,0%,0,0%,0,0%,win,Zaur Asukov,Sep / 12 / 2014,TKO (Punches),1,4:56
Timur Khizriev,19-Nov-95,5'8",146 lbs,18,0,3,17%,1,6%,14,78%,0,0%,0,0%,0,0%,win,Roman Kishev,Aug / 30 / 2014,Decision (Unanimous),2,5:00
Cong Wang,15-May-92,5'7",125 lbs,6,1,2,33%,2,33%,2,33%,0,0%,1,100%,0,0%,loss,Gabriella Fernandes,Nov / 23 / 2024,Technical Submission (Rear-Naked Choke),2,3:49
Cong Wang,15-May-92,5'7",125 lbs,6,1,2,33%,2,33%,2,33%,0,0%,1,100%,0,0%,win,Victoria Leonardo,Aug / 24 / 2024,KO (Punches),1,1:02
Cong Wang,15-May-92,5'7",125 lbs,6,1,2,33%,2,33%,2,33%,0,0%,1,100%,0,0%,win,Paula Luna,May / 18 / 2024,Submission (Guillotine Choke),1,3:04
Cong Wang,15-May-92,5'7",125 lbs,6,1,2,33%,2,33%,2,33%,0,0%,1,100%,0,0%,win,Yanan Wu,Jan / 20 / 2024,Decision (Unanimous),3,5:00
Cong Wang,15-May-92,5'7",125 lbs,6,1,2,33%,2,33%,2,33%,0,0%,1,100%,0,0%,win,Amena Hadaya,Oct / 17 / 2023,Decision (Unanimous),3,5:00
Cong Wang,15-May-92,5'7",125 lbs,6,1,2,33%,2,33%,2,33%,0,0%,1,100%,0,0%,win,Tae Murayama,Jul / 22 / 2023,TKO (Head Kick and Punches),1,1:53
Cong Wang,15-May-92,5'7",125 lbs,6,1,2,33%,2,33%,2,33%,0,0%,1,100%,0,0%,win,Hongfeng Ji,Jul / 09 / 2022,Submission (Rear-Naked Choke),2,N/A
